id,master_parent,parent_id,depth,sort,level,nature,code,lib_a,id_a,lib_b,id_b,sex,value_a,value_b,value_c,value_d,ratio,confirmed,count,flag
2453,1867,2452,6,0,184,True,A06.0,,,,,0,,,,,0,0,0,False
2666,1867,38463,6,19,184,True,A49.1,,,,,0,,,,,0,0,0,False
3027,1867,48768,5,6,184,True,B35.4,,,,,0,,,,,0,0,0,False
3223,1867,3224,3,1323,184,True,B73,,,,,0,,,,,0,0,0,False
3238,1867,35663,3,10,184,True,B77,,,,,0,,,,,0,0,0,False
3242,1867,35663,3,31,184,True,B78,,,,,0,"0,66",,,"0,5",0,0,0,False
3579,1867,44676,5,1,184,True,E06.3,,,,,0,,,,,0,0,0,False
3683,1867,3679,5,1817,184,True,E24.3,,,,,0,,,,,0,0,0,False
5394,1867,5388,6,3190,184,True,I25.5,,,,,0,,,,,0,0,0,False
17294,6,1957,2,178,184,False,,,,,,0,"0,5",,,"0,5",0,0,0,False
32833,1867,35663,0,9,184,False,,,,,,66,,,,,0,0,0,
33778,1867,3224,0,1,184,False,,,,,,66,,,,,0,0,0,
36271,1867,5816,0,3533,184,False,,,,,,66,,,,,0,0,0,
36980,1867,40328,6,1,184,False,,,,,,66,,,,,0,0,0,
36981,1867,40328,6,2,184,False,,,,,,66,,,,,0,0,0,
36982,1867,40328,6,3,184,False,,,,,,66,,,,,0,0,0,
36983,1867,40328,6,4,184,False,,,,,,66,,,,,0,0,0,
36985,1867,40328,6,6,184,False,,,,,,66,,,,,0,0,0,
38697,1867,38463,2,17,184,False,,,,,,0,,,,,0,0,0,False
39390,1867,36835,1,2,184,False,,,,,,18,"0,82",,,"0,5",0,0,0,
39622,1867,31733,3,143,184,False,,,,,,0,,,,,0,0,0,False
39670,1867,39683,5,1,184,False,,,,,,0,,,,,0,0,0,False
39685,1867,39683,5,3,184,False,,,,,,0,,,,,0,0,0,False
39965,1867,38863,6,1,184,False,,,,,,0,,,,,0,0,0,False
39966,1867,38863,6,2,184,False,,,,,,0,,,,,0,0,0,False
40077,1867,33459,1,0,184,False,,,,,,0,,,,,0,0,0,False
40175,1867,7672,6,1443,184,False,,,,,,0,,,,,0,0,0,False
40189,1867,40188,6,0,184,False,,,,,,0,,,,,0,0,0,False
40190,1867,40189,7,0,184,False,,,,,,0,,,,,0,0,0,False
40191,1867,40189,7,1,184,False,,,,,,0,,,,,0,0,0,False
40192,1867,40188,6,1,184,False,,,,,,0,,,,,0,0,0,False
40193,1867,40192,7,0,184,False,,,,,,0,,,,,0,0,0,False
40194,1867,40192,7,1,184,False,,,,,,0,,,,,0,0,0,False
40195,1867,40188,6,2,184,False,,,,,,0,,,,,0,0,0,False
40202,1867,40201,6,0,184,False,,,,,,0,,,,,0,0,0,False
40203,1867,40201,6,1,184,False,,,,,,0,,,,,0,0,0,False
40204,1867,40201,6,2,184,False,,,,,,0,,,,,0,0,0,False
40205,1867,40201,6,3,184,False,,,,,,0,,,,,0,0,0,False
40206,1867,40201,6,4,184,False,,,,,,0,,,,,0,0,0,False
40240,1867,8076,5,1509,184,False,,,,,,0,,,,,0,0,0,False
40241,1867,35685,5,12,184,False,,,,,,0,,,,,0,0,0,False
40256,1867,40252,7,1,184,False,,,,,,0,,,,,0,0,0,False
40257,1867,40252,7,2,184,False,,,,,,0,,,,,0,0,0,False
40258,1867,40252,7,3,184,False,,,,,,0,,,,,0,0,0,False
40259,1867,40254,7,0,184,False,,,,,,0,,,,,0,0,0,False
40260,1867,40254,7,1,184,False,,,,,,0,,,,,0,0,0,False
40261,1867,40254,7,2,184,False,,,,,,0,,,,,0,0,0,False
40268,1867,38801,6,1,184,False,,,,,,0,,,,,0,0,0,False
40269,1867,5357,6,3170,184,False,,,,,,0,,,,,0,0,0,False
40313,1867,40251,6,1,184,False,,,,,,0,,,,,0,0,0,False
40314,1867,40253,7,0,184,False,,,,,,0,,,,,0,0,0,False
40316,1867,40255,7,0,184,False,,,,,,0,,,,,0,0,0,False
40321,6,2396,2,802,184,False,,,,,,0,,,,,0,0,0,False
40322,6,2396,2,803,184,False,,,,,,0,,,,,0,0,0,False
40323,1867,6170,5,14,184,False,,,,,,0,,,,,0,0,0,False
40324,1867,5805,5,3534,184,False,,,,,,0,,,,,0,0,0,False
40329,1867,2478,5,4,184,False,,,,,,0,,,,,0,0,0,False
40335,1867,2982,6,1001,184,False,,,,,,0,,,,,0,0,0,False
40336,1867,40335,7,0,184,False,,,,,,0,,,,,0,0,0,False
40339,1867,2982,6,1002,184,False,,,,,,0,,,,,0,0,0,False
40341,1867,2982,6,1004,184,False,,,,,,0,,,,,0,0,0,False
40342,1867,2982,6,1005,184,False,,,,,,0,,,,,0,0,0,False
40343,1867,2982,6,1006,184,False,,,,,,0,,,,,0,0,0,False
40344,1867,2982,6,1007,184,False,,,,,,0,,,,,0,0,0,False
40345,1867,4464,6,6,184,False,,,,,,0,,,,,0,0,0,False
40346,1867,43000,6,9,184,False,,,,,,0,,,,,0,0,0,False
40359,1867,35480,1,6,184,False,,,,,,0,,,,,0,0,0,False
40397,1867,40396,6,0,184,False,,,,,,0,,,,,0,0,0,False
40398,1867,40396,6,1,184,False,,,,,,0,,,,,0,0,0,False
40402,1867,40396,6,5,184,False,,,,,,0,,,,,0,0,0,False
40407,1867,40396,6,10,184,False,,,,,,0,,,,,0,0,0,False
40408,1867,40396,6,11,184,False,,,,,,0,,,,,0,0,0,False
40409,1867,40396,6,12,184,False,,,,,,0,,,,,0,0,0,False
40416,1867,5474,5,3271,184,False,,,,,,0,,,,,0,0,0,False
40425,1867,40424,6,0,184,False,,,,,,0,,,,,0,0,0,False
40427,1867,40424,6,2,184,False,,,,,,0,,,,,0,0,0,False
40449,1867,2510,0,0,184,False,,,,,,0,,,,,0,0,0,False
40487,6,2396,1,806,184,False,,,,,,0,,,,,0,0,0,False
40885,1867,42048,5,1,184,False,,,,,,0,,,,,0,0,0,False
40891,1867,5217,5,3056,184,False,,,,,,0,,,,,0,0,0,False
40892,1867,40891,6,0,184,False,,,,,,0,,,,,0,0,0,False
40893,1867,5223,6,0,184,False,,,,,,0,,,,,0,0,0,False
40901,1867,5223,6,1,184,False,,,,,,0,,,,,0,0,0,False
40902,1867,5222,5,3057,184,False,,,,,,0,,,,,0,0,0,False
40999,1867,31331,1,63,184,False,,,,,,0,,,,,0,0,0,False
41112,1867,8192,4,0,184,False,,,,,,0,,,,,0,0,0,False
41113,1867,41115,4,1,184,False,,,,,,0,,,,,0,0,0,False
41114,1867,41115,4,2,184,False,,,,,,0,,,,,0,0,0,False
41116,1867,41115,5,3,184,False,,,,,,0,,,,,0,0,0,False
41117,1867,41115,5,4,184,False,,,,,,0,,,,,0,0,0,False
41119,1867,41118,6,0,184,False,,,,,,0,,,,,0,0,0,False
41121,1867,41118,6,2,184,False,,,,,,0,,,,,0,0,0,False
41124,1867,41122,6,0,184,False,,,,,,0,,,,,0,0,0,False
41125,1867,41122,6,1,184,False,,,,,,0,,,,,0,0,0,False
41128,6,41127,2,0,184,False,,,,,,0,,,,,0,0,0,False
41149,1867,41093,7,5,184,False,,,,,,0,,,,,0,0,0,False
41232,1867,5887,6,0,184,False,,,,,,0,,,,,0,0,0,False
41235,1867,5887,6,3,184,False,,,,,,0,,,,,0,0,0,False
41236,1867,41233,7,0,184,False,,,,,,0,,,,,0,0,0,False
41237,1867,41233,7,1,184,False,,,,,,0,,,,,0,0,0,False
41238,1867,41233,7,2,184,False,,,,,,0,,,,,0,0,0,False
41239,1867,5887,6,4,184,False,,,,,,0,,,,,0,0,0,False
41282,1867,46703,5,2,184,False,,,,,,0,,,,,0,0,0,False
41288,1867,5186,5,3037,184,False,,,,,,0,,,,,0,0,0,False
41289,1867,7716,7,5102,184,False,,,,,,0,,,,,0,0,0,False
41290,1867,41289,8,0,184,False,,,,,,0,,,,,0,0,0,False
41291,1867,41289,8,1,184,False,,,,,,0,,,,,0,0,0,False
41292,1867,41289,8,2,184,False,,,,,,0,,,,,0,0,0,False
41293,1867,41289,8,3,184,False,,,,,,0,,,,,0,0,0,False
41323,1867,41322,6,0,184,False,,,,,,0,,,,,0,0,0,False
41324,1867,41322,6,1,184,False,,,,,,0,,,,,0,0,0,False
41325,1867,41322,6,2,184,False,,,,,,0,,,,,0,0,0,False
41326,1867,41322,6,3,184,False,,,,,,0,,,,,0,0,0,False
41327,1867,41322,6,4,184,False,,,,,,0,,,,,0,0,0,False
41328,1867,41322,6,5,184,False,,,,,,0,,,,,0,0,0,False
41329,1867,41322,6,6,184,False,,,,,,0,,,,,0,0,0,False
41330,1867,41322,6,7,184,False,,,,,,0,,,,,0,0,0,False
41331,1867,41322,6,8,184,False,,,,,,0,,,,,0,0,0,False
41332,1867,41322,6,9,184,False,,,,,,0,,,,,0,0,0,False
41333,1867,41322,6,10,184,False,,,,,,0,,,,,0,0,0,False
41334,1867,41322,6,11,184,False,,,,,,0,,,,,0,0,0,False
41335,1867,41322,6,12,184,False,,,,,,0,,,,,0,0,0,False
41336,1867,41322,6,13,184,False,,,,,,0,,,,,0,0,0,False
41337,1867,41322,6,14,184,False,,,,,,0,,,,,0,0,0,False
41338,1867,41322,6,15,184,False,,,,,,0,,,,,0,0,0,False
41339,1867,41322,6,16,184,False,,,,,,0,,,,,0,0,0,False
41340,1867,41322,6,17,184,False,,,,,,0,,,,,0,0,0,False
41385,36662,41398,1,1,184,False,,,,,,0,,,,,0,0,0,False
41399,36662,41398,1,2,184,False,,,,,,0,,,,,0,0,0,False
41400,36662,41398,1,3,184,False,,,,,,0,,,,,0,0,0,False
41401,36662,41398,1,4,184,False,,,,,,0,,,,,0,0,0,False
41403,36662,41402,2,0,184,False,,,,,,0,,,,,0,0,0,False
41405,36662,41402,2,2,184,False,,,,,,0,,,,,0,0,0,False
41423,1867,41422,5,1,184,False,,,,,,0,,,,,0,0,0,False
41424,1867,41422,5,2,184,False,,,,,,0,,,,,0,0,0,False
41429,6,2396,1,812,184,False,,,,,,0,,,,,0,0,0,False
41604,1867,5357,5,3167,184,False,,,,,,0,,,,,0,0,0,False
41645,11,5518,9,2,184,False,,,,,,0,,,,,0,0,0,False
41690,1867,38070,6,3,184,False,,,,,,0,,,,,0,0,0,False
42017,1867,16425,4,83,184,False,,,,,,0,,,,,0,0,0,False
42018,1867,1664,4,1,184,False,,,,,,0,,,,,0,0,0,False
42041,1867,11771,5,0,184,False,,,,,,0,,,,,0,0,0,False
42049,1867,6146,5,3791,184,False,,,,,,0,,,,,0,0,0,False
42050,1867,3032,5,1077,184,False,,,,,,0,,,,,0,0,0,False
42135,1867,3722,4,1855,184,False,,,,,,0,,,,,0,0,0,False
42143,1867,42135,5,0,184,False,,,,,,0,,,,,0,0,0,False
42144,1867,42135,5,1,184,False,,,,,,0,,,,,0,0,0,False
42145,1867,42144,6,0,184,False,,,,,,0,,,,,0,0,0,False
42146,1867,42144,6,1,184,False,,,,,,0,,,,,0,0,0,False
42147,1867,42134,5,0,184,False,,,,,,0,,,,,0,0,0,False
42148,1867,42134,5,1,184,False,,,,,,0,,,,,0,0,0,False
42149,1867,42134,5,2,184,False,,,,,,0,,,,,0,0,0,False
42181,1867,40248,4,0,184,False,,,,,,0,,,,,0,0,0,False
42189,1867,42188,5,1,184,False,,,,,,0,,,,,0,0,0,False
42236,1867,40189,7,2,184,False,,,,,,0,,,,,0,0,0,False
42237,1867,5983,4,3,184,False,,,,,,0,,,,,0,0,0,False
42566,1867,3021,4,443,184,False,,,,,,0,,,,,0,0,0,False
42665,1867,6146,5,3795,184,False,,,,,,0,,,,,0,0,0,False
42846,1867,38757,7,856,184,False,,,,,,0,,,,,0,0,0,False
43065,1867,3908,0,1,184,False,,,,,,66,,,,,0,0,0,
43691,1867,38318,4,3,184,False,,,,,,0,,,,,0,0,0,False
43693,1867,16265,4,0,184,False,,,,,,0,,,,,0,0,0,False
43695,1867,15916,4,8,184,False,,,,,,0,,,,,0,0,0,False
43822,1867,36716,1,11,184,False,,,,,,0,,,,,0,0,0,False
43823,1867,36716,1,12,184,False,,,,,,0,,,,,0,0,0,False
43824,1867,36716,1,13,184,False,,,,,,0,,,,,0,0,0,False
43952,,43850,1,0,184,False,,,,,,0,,,,,0,0,0,False
44001,6,43991,6,0,184,False,,,,,,0,,,,,0,0,0,False
44232,1867,44231,5,0,184,False,,,,,,0,,,,,0,0,0,False
44233,1867,44231,5,1,184,False,,,,,,0,,,,,0,0,0,False
44234,1867,44231,5,2,184,False,,,,,,0,,,,,0,0,0,False
44235,1867,44231,5,3,184,False,,,,,,0,,,,,0,0,0,False
44236,1867,44231,5,4,184,False,,,,,,0,,,,,0,0,0,False
44237,1867,44231,5,5,184,False,,,,,,0,,,,,0,0,0,False
44238,1867,44231,5,6,184,False,,,,,,0,,,,,0,0,0,False
44239,1867,44231,5,7,184,False,,,,,,0,,,,,0,0,0,False
44240,1867,44231,5,8,184,False,,,,,,0,,,,,0,0,0,False
44274,1867,6804,6,4,184,False,,,,,,0,,,,,0,0,0,False
44275,1867,41963,6,1,184,False,,,,,,0,,,,,0,0,0,False
44277,1867,1647,4,4,184,False,,,,,,0,,,,,0,0,0,False
44278,1867,6174,6,3823,184,False,,,,,,0,,,,,0,0,0,False
44355,6,41427,2,0,184,False,,,,,,0,,,,,0,0,0,False
44356,6,41427,2,1,184,False,,,,,,0,,,,,0,0,0,False
44357,6,44356,3,0,184,False,,,,,,0,,,,,0,0,0,False
44358,6,44356,3,1,184,False,,,,,,0,,,,,0,0,0,False
44359,6,44356,3,2,184,False,,,,,,0,,,,,0,0,0,False
44360,6,44356,3,3,184,False,,,,,,0,,,,,0,0,0,False
44361,6,41427,2,2,184,False,,,,,,0,,,,,0,0,0,False
44362,6,41427,2,3,184,False,,,,,,0,,,,,0,0,0,False
44547,1867,35432,0,7,184,False,,,,,,66,,,,,0,0,0,
44548,1867,35432,0,9,184,False,,,,,,66,,,,,0,0,0,
44549,1867,35432,0,11,184,False,,,,,,66,,,,,0,0,0,
44551,1867,35432,0,15,184,False,,,,,,66,,,,,0,0,0,
44552,1867,35432,0,17,184,False,,,,,,66,,,,,0,0,0,
44556,1867,35432,0,25,184,False,,,,,,66,,,,,0,0,0,
44626,1867,44623,0,0,184,False,,,,,,66,,,,,0,0,0,
44628,1867,44627,0,1,184,False,,,,,,66,,,,,0,0,0,
44674,1867,42148,6,0,184,False,,,,,,0,,,,,0,0,0,False
44675,1867,42148,6,1,184,False,,,,,,0,,,,,0,0,0,False
44676,1867,3539,4,614,184,False,,,,,,0,,,,,0,0,0,False
44678,1867,41963,5,2,184,False,,,,,,0,,,,,0,0,0,False
44680,1867,42149,6,0,184,False,,,,,,0,,,,,0,0,0,False
44681,1867,42149,6,1,184,False,,,,,,0,,,,,0,0,0,False
44682,1867,42149,6,2,184,False,,,,,,0,,,,,0,0,0,False
45204,1867,45203,7,2,184,False,,,,,,0,,,,,0,0,0,False
45464,1867,43647,3,3,184,False,,,,,,0,,,,,0,0,0,False
45466,1867,43647,3,4,184,False,,,,,,0,,,,,0,0,0,False
45467,1867,43647,3,5,184,False,,,,,,0,,,,,0,0,0,False
45468,1867,43647,3,6,184,False,,,,,,0,,,,,0,0,0,False
45469,1867,43647,3,7,184,False,,,,,,0,,,,,0,0,0,False
45470,1867,43647,3,8,184,False,,,,,,0,,,,,0,0,0,False
45483,1867,43647,3,10,184,False,,,,,,0,,,,,0,0,0,False
45485,1867,43647,3,12,184,False,,,,,,0,,,,,0,0,0,False
45486,1867,43647,3,13,184,False,,,,,,0,,,,,0,0,0,False
45487,1867,43647,3,14,184,False,,,,,,0,,,,,0,0,0,False
45488,1867,43647,3,15,184,False,,,,,,0,,,,,0,0,0,False
45489,1867,43647,3,16,184,False,,,,,,0,,,,,0,0,0,False
45490,1867,43647,3,17,184,False,,,,,,0,,,,,0,0,0,False
45687,1867,43647,3,18,184,False,,,,,,0,,,,,0,0,0,False
45688,1867,43647,3,19,184,False,,,,,,0,,,,,0,0,0,False
45759,1867,45756,0,1,184,False,,,,,,66,,,,,0,0,0,
45833,1867,3502,5,0,184,False,,,,,,0,,,,,0,0,0,False
45859,1867,43647,3,20,184,False,,,,,,0,,,,,0,0,0,False
45967,1867,2981,5,367,184,False,,,,,,0,,,,,0,0,0,False
45968,1867,2981,5,368,184,False,,,,,,0,,,,,0,0,0,False
45969,1867,2981,5,369,184,False,,,,,,0,,,,,0,0,0,False
45970,1867,2981,5,370,184,False,,,,,,0,,,,,0,0,0,False
45971,1867,2981,5,371,184,False,,,,,,0,,,,,0,0,0,False
45973,1867,38463,4,20,184,False,,,,,,0,,,,,0,0,0,False
45986,1867,36716,5,3,184,False,,,,,,0,,,,,0,0,0,False
46142,1867,35663,4,20,184,False,,,,,,0,,,,,0,0,0,False
46150,1867,2594,7,2,184,False,,,,,,0,,,,,0,0,0,False
48041,1867,43647,3,33,184,False,,,,,,0,,,,,0,0,0,False
48405,1867,43647,3,34,184,False,,,,,,0,,,,,0,0,0,False
48406,1867,43647,3,35,184,False,,,,,,0,,,,,0,0,0,False
48407,1867,43647,3,36,184,False,,,,,,0,,,,,0,0,0,False
48408,1867,43647,3,37,184,False,,,,,,0,,,,,0,0,0,False
48409,1867,43647,3,38,184,False,,,,,,0,,,,,0,0,0,False
48410,1867,43647,3,39,184,False,,,,,,0,,,,,0,0,0,False
48411,1867,43647,3,40,184,False,,,,,,0,,,,,0,0,0,False
48412,1867,43647,3,41,184,False,,,,,,0,,,,,0,0,0,False
48413,1867,43647,3,42,184,False,,,,,,0,,,,,0,0,0,False
48414,1867,43647,3,43,184,False,,,,,,0,,,,,0,0,0,False
48416,1867,43647,3,44,184,False,,,,,,0,,,,,0,0,0,False
48417,1867,53333,3,0,184,False,,,,,,0,,,,,0,0,0,False
48418,1867,43647,3,46,184,False,,,,,,0,,,,,0,0,0,False
48419,1867,43647,3,47,184,False,,,,,,0,,,,,0,0,0,False
48420,1867,43647,3,48,184,False,,,,,,0,,,,,0,0,0,False
48421,1867,43647,3,49,184,False,,,,,,0,,,,,0,0,0,False
48623,1867,31733,5,16,184,False,,,,,,0,,,,,0,0,0,False
48747,1867,2452,6,90,184,False,,,,,,0,,,,,0,0,0,False
48764,1867,48768,5,0,184,False,,,,,,0,,,,,0,0,0,False
48765,1867,48768,5,8,184,False,,,,,,0,,,,,0,0,0,False
48772,1867,48906,5,1,184,False,,,,,,0,,,,,0,0,0,False
48779,1867,48768,6,1,184,False,,,,,,0,,,,,0,0,0,False
48780,1867,48768,6,9,184,False,,,,,,0,,,,,0,0,0,False
48782,1867,48768,6,3,184,False,,,,,,0,,,,,0,0,0,False
48783,1867,48768,6,4,184,False,,,,,,0,,,,,0,0,0,False
48784,1867,48768,6,23,184,False,,,,,,0,,,,,0,0,0,False
48785,1867,48768,6,5,184,False,,,,,,0,,,,,0,0,0,False
48786,1867,48768,6,7,184,False,,,,,,0,,,,,0,0,0,False
48787,1867,48772,6,0,184,False,,,,,,0,,,,,0,0,0,False
48799,1867,48788,6,0,184,False,,,,,,0,,,,,0,0,0,False
48801,1867,48788,6,1,184,False,,,,,,0,,,,,0,0,0,False
48849,1867,43647,3,52,184,False,,,,,,0,,,,,0,0,0,False
48884,1867,36625,1,3,184,False,,,,,,0,,,,,0,0,0,False
48914,1867,3023,6,0,184,False,,,,,,0,,,,,0,0,0,False
48915,1867,3023,6,1,184,False,,,,,,0,,,,,0,0,0,False
49145,1867,37810,6,0,184,False,,,,,,0,,,,,0,0,0,False
49146,1867,37810,6,1,184,False,,,,,,0,,,,,0,0,0,False
49147,1867,37810,6,2,184,False,,,,,,0,,,,,0,0,0,False
49148,1867,37810,6,4,184,False,,,,,,0,,,,,0,0,0,False
49179,1867,7673,6,0,184,False,,,,,,0,,,,,0,0,0,False
49517,1867,7574,4,545,184,False,,,,,,0,,,,,0,0,0,False
49600,1867,3178,1,1280,184,False,,,,,,0,,,,,0,0,0,False
50130,1867,35663,1,5,184,False,,,,,,0,,,,,0,0,0,False
50134,1867,35663,1,26,184,False,,,,,,0,,,,,0,0,0,False
50298,1867,6160,6,11,184,False,,,,,,0,,,,,0,0,0,False
50299,1867,3173,6,0,184,False,,,,,,0,,,,,0,0,0,False
50337,1867,3173,6,2,184,False,,,,,,0,,,,,0,0,0,False
50442,1867,3163,5,1273,184,False,,,,,,0,,,,,0,0,0,False
50620,1867,2466,7,0,184,False,,,,,,0,,,,,0,0,0,False
50666,1867,34719,7,3,184,False,,,,,,0,,,,,0,0,0,False
50695,1867,5769,5,3510,184,False,,,,,,0,,,,,0,0,0,False
51124,11,11,1,1067,184,False,,,,,,0,,,,,0,0,0,False
51138,11,11,1,1070,184,False,,,,,,0,,,,,0,0,0,False
51227,11,11,1,1076,184,False,,,,,,0,,,,,0,0,0,False
51244,,17852,1,0,184,False,,,,,,0,,,,,0,0,0,False
51369,1867,43647,2,63,184,False,,,,,,0,,,,,0,0,0,False
51371,1867,43647,3,31,184,False,,,,,,0,,,,,0,0,0,False
51380,1867,51371,4,0,184,False,,,,,,0,,,,,0,0,0,False
51381,1867,43647,0,65,184,False,,,,,,0,,,,,0,0,0,False
51394,1867,43647,3,62,184,False,,,,,,0,,,,,0,0,0,False
51395,1867,51394,4,0,184,False,,,,,,0,,,,,0,0,0,False
51481,1867,43647,2,64,184,False,,,,,,0,,,,,0,0,0,False
51482,1867,51481,3,0,184,False,,,,,,0,,,,,0,0,0,False
51483,1867,51481,3,1,184,False,,,,,,0,,,,,0,0,0,False
51486,1867,43647,0,66,184,False,,,,,,0,,,,,0,0,0,False
51494,1867,43647,0,67,184,False,,,,,,0,,,,,0,0,0,False
51507,1867,43647,0,68,184,False,,,,,,0,,,,,0,0,0,False
51509,1867,43647,0,69,184,False,,,,,,0,,,,,0,0,0,False
51532,1867,43647,0,70,184,False,,,,,,0,,,,,0,0,0,False
51557,1867,43647,3,76,184,False,,,,,,0,,,,,0,0,0,False
51558,1867,43647,3,77,184,False,,,,,,0,,,,,0,0,0,False
51566,1867,43647,3,78,184,False,,,,,,0,,,,,0,0,0,False
51574,1867,43647,3,79,184,False,,,,,,0,,,,,0,0,0,False
51578,1867,43647,3,80,184,False,,,,,,0,,,,,0,0,0,False
51580,1867,48417,4,0,184,False,,,,,,0,,,,,0,0,0,False
51597,1867,43647,0,85,184,False,,,,,,0,,,,,0,0,0,False
51605,1867,43647,3,86,184,False,,,,,,0,,,,,0,0,0,False
51607,1867,43647,3,88,184,False,,,,,,0,,,,,0,0,0,False
51608,1867,43647,3,89,184,False,,,,,,0,,,,,0,0,0,False
52327,1867,5516,10,11,184,False,,,,,,0,,,,,0,0,0,False
52418,1867,5516,10,12,184,False,,,,,,0,,,,,0,0,0,False
516,1867,7810,4,1472,184,False,,0,,0,,0,,,,,0,0,0,False
1647,1867,1640,3,217,184,True,,0,,0,,0,,,,,0,0,0,False
2412,1867,2411,5,6,184,False,A00,0,,0,,0,,,,,0,0,0,False
2416,1867,39846,7,1,184,True,A01.0,0,,0,,0,,,,,0,0,0,False
2417,1867,39843,7,1,184,True,A01.1,0,,0,,0,,,,,0,0,0,False
2418,1867,39843,7,2,184,True,A01.2,0,,0,,0,,,,,0,0,0,False
2419,1867,39843,7,3,184,True,A01.3,0,,0,,0,,,,,0,0,0,False
2422,1867,2420,6,28,184,True,A02.1,0,,0,,0,,,,,0,0,0,False
2423,1867,2420,6,31,184,True,A02.2,0,,0,,0,,,,,0,0,0,False
2426,1867,2411,5,15,184,True,A03,0,,0,,0,,,,,0,0,0,False
2445,1867,2444,6,65,184,True,A05.0,0,,0,,0,,,,,0,0,0,False
2446,1867,50657,6,0,184,True,A05.1,0,,0,,0,,,,,0,0,0,False
2452,1867,3129,5,0,184,True,A06,0,,0,,0,,,,,0,0,0,False
2454,1867,2452,6,1,184,True,A06.1,0,,0,,0,,,,,0,0,0,False
2455,1867,2452,6,2,184,True,A06.2,0,,0,,0,,,,,0,0,0,False
2464,1867,2463,6,86,184,True,A07.0,0,,0,,0,,,,,0,0,0,False
2465,1867,2463,6,88,184,True,A07.1,0,,0,,0,,,,,0,0,0,False
2466,1867,3129,6,426,184,True,A07.2,0,,0,,0,,,,,0,0,0,False
2467,1867,2463,6,92,184,True,A07.3,0,,0,,0,,,,,0,0,0,False
2472,1867,2470,5,101,184,True,A08.1,0,,0,,0,,,,,0,0,0,False
2473,1867,3014,5,1,184,True,A08.2,0,,0,,0,,,,,0,0,0,False
2474,1867,2470,5,107,184,True,A08.3,0,,0,,0,,,,,0,0,0,False
2477,1867,2433,5,0,184,True,A09,0,,0,,0,,,,,0,0,0,False
2478,1867,38463,4,5,184,True,DG2,0,,0,,0,"0,7",,,"0,5",0,0,0,False
2500,1867,40329,5,0,184,True,A17,0,,0,,0,,,,,0,0,0,False
2501,1867,44540,6,1,184,True,A17.0,0,,0,,0,,,,,0,0,0,False
2502,1867,2500,6,183,184,True,A17.1,0,,0,,0,,,,,0,0,0,False
2506,1867,2505,6,192,184,True,A18.0,0,,0,,0,,,,,0,0,0,False
2507,1867,2505,6,195,184,True,A18.1,0,,0,,0,,,,,0,0,0,False
2508,1867,2505,6,198,184,True,A18.2,0,,0,,0,,,,,0,0,0,False
2509,1867,2505,6,201,184,True,A18.3,0,,0,,0,,,,,0,0,0,False
2510,1867,2505,6,204,184,True,A18.4,0,,0,,0,,,,,0,0,0,False
2522,1867,2521,5,54,184,True,A20,0,,0,,0,,,,,0,0,0,False
2523,1867,2522,6,255,184,True,A20.0,0,,0,,0,,,,,0,0,0,False
2524,1867,2522,6,258,184,True,A20.1,0,,0,,0,,,,,0,0,0,False
2526,1867,4445,6,8,184,True,A20.3,0,,0,,0,,,,,0,0,0,False
2527,1867,2522,6,259,184,True,A20.7,0,,0,,0,,,,,0,0,0,False
2530,1867,2521,5,56,184,True,A21,0,,0,,0,,,,,0,0,0,False
2531,1867,2530,6,255,184,True,A21.0,0,,0,,0,,,,,0,0,0,False
2532,1867,2530,6,258,184,True,A21.1,0,,0,,0,,,,,0,0,0,False
2534,1867,2530,6,276,184,True,A21.3,0,,0,,0,,,,,0,0,0,False
2535,1867,2530,6,280,184,True,A21.7,0,,0,,0,,,,,0,0,0,False
2538,1867,2521,5,58,184,True,A22,0,,0,,0,,,,,0,0,0,False
2542,1867,2538,6,285,184,True,A22.7,0,,0,,0,,,,,0,0,0,False
2545,1867,2521,5,62,184,True,A23,0,,0,,0,,,,,0,0,0,False
2553,1867,2552,6,312,184,True,A24.0,0,,0,,0,,,,,0,0,0,False
2559,1867,2558,6,328,184,True,A25.0,0,,0,,0,,,,,0,0,0,False
2560,1867,2558,6,331,184,True,A25.1,0,,0,,0,,,,,0,0,0,False
2562,1867,2521,5,70,184,True,A26,0,,0,,0,,,,,0,0,0,False
2564,1867,2562,6,339,184,True,A26.7,0,,0,,0,,,,,0,0,0,False
2567,1867,2521,5,73,184,True,A27,0,,0,,0,,,,,0,0,0,False
2568,1867,2567,6,345,184,True,A27.0,0,,0,,0,,,,,0,0,0,False
2572,1867,2571,6,351,184,True,A28.0,0,,0,,0,,,,,0,0,0,False
2573,1867,2571,6,353,184,True,A28.1,0,,0,,0,,,,,0,0,0,False
2574,1867,2571,6,355,184,True,A28.2,0,,0,,0,,,,,0,0,0,False
2592,1867,2577,5,92,184,True,A32,0,,0,,0,,,,,0,0,0,False
2595,1867,2592,6,389,184,True,A32.7,0,,0,,0,,,,,0,0,0,False
2598,1867,42567,5,11,184,True,A33,0,,0,,0,,,,,0,0,0,False
2599,1867,42567,5,10,184,True,A34,0,,0,,0,,,,,0,0,0,False
2601,1867,2577,5,114,184,True,A36,0,,0,,0,,,,,0,0,0,False
2608,1867,2577,5,119,184,True,A37,0,,0,,0,,,,,0,0,0,False
2613,1867,2577,5,124,184,True,A38,0,,0,,0,,,,,0,0,0,False
2614,1867,2577,5,128,184,True,A39,0,,0,,0,,,,,0,0,0,False
2615,1867,4445,6,2,184,True,A39.0,0,,0,,0,,,,,0,0,0,False
2617,1867,2619,6,1,184,True,A39.2,0,,0,,0,,,,,0,0,0,False
2618,1867,2619,6,0,184,True,A39.3,0,,0,,0,,,,,0,0,0,False
2619,1867,2614,6,423,184,True,A39.4,0,,0,,0,,,,,0,0,0,False
2620,1867,2614,6,426,184,True,A39.5,0,,0,,0,,,,,0,0,0,False
2623,1867,2666,5,5,184,True,A40,0,,0,,0,,,,,0,0,0,False
2641,1867,2639,6,459,184,True,A42.1,0,,0,,0,,,,,0,0,0,False
2642,1867,32652,6,0,184,True,A42.2,0,,0,,0,,,,,0,0,0,False
2643,1867,2639,6,463,184,True,A42.7,0,,0,,0,,,,,0,0,0,False
2646,1867,2577,5,144,184,True,A43,0,,0,,0,,,,,0,0,0,False
2651,1867,2577,5,148,184,True,A44,0,,0,,0,,,,,0,0,0,False
2652,1867,2651,6,477,184,True,A44.0,0,,0,,0,,,,,0,0,0,False
2653,1867,2651,6,479,184,True,A44.1,0,,0,,0,,,,,0,0,0,False
2656,1867,2577,5,152,184,True,A46,0,,0,,0,,,,,0,0,0,False
2658,1867,2577,6,161,184,True,A48.0,0,,0,,0,,,,,0,0,0,False
2659,1867,2577,6,162,184,True,A48.1,0,,0,,0,,,,,0,0,0,False
2660,1867,2659,6,0,184,True,A48.2,0,,0,,0,,,,,0,0,0,False
2662,1867,2577,6,163,184,True,A48.4,0,,0,,0,,,,,0,0,0,False
2665,1867,38463,6,18,184,True,A49.0,0,,0,,0,,,,,0,0,0,False
2701,1867,38463,4,7,184,True,A54,0,,0,,0,,,,,0,0,0,False
2720,1867,2671,4,1,184,True,A58,0,,0,,0,,,,,0,0,0,False
2721,1867,38463,4,10,184,True,A59,0,,0,,0,,,,,0,0,0,False
2722,1867,2721,5,589,184,True,A59.0,0,,0,,0,,,,,0,0,0,False
2725,1867,2879,4,858,184,True,A60,0,,0,,0,,,,,0,0,0,False
2726,1867,2725,5,595,184,True,A60.0,0,,0,,0,,,,,0,0,0,False
2727,1867,2725,5,597,184,True,A60.1,0,,0,,0,,,,,0,0,0,False
2729,1867,2671,4,0,184,True,A63,0,,0,,0,,,,,0,0,0,False
2734,1867,2733,5,198,184,True,A65,0,,0,,0,,,,,0,0,0,False
2735,1867,2733,5,200,184,True,A66,0,,0,,0,,,,,0,0,0,False
2746,1867,2733,5,202,184,True,A67,0,,0,,0,,,,,0,0,0,False
2753,1867,2752,6,635,184,True,A68.0,0,,0,,0,,,,,0,0,0,False
2757,1867,2756,6,641,184,True,A69.0,0,,0,,0,,,,,0,0,0,False
2758,1867,2756,6,643,184,True,A69.1,0,,0,,0,,,,,0,0,0,False
2759,1867,2756,6,645,184,True,A69.2,0,,0,,0,,,,,0,0,0,False
2773,1867,2772,5,219,184,True,A75,0,,0,,0,,,,,0,0,0,False
2775,1867,2773,6,665,184,True,A75.1,0,,0,,0,,,,,0,0,0,False
2779,1867,2772,5,222,184,True,A77,0,,0,,0,,,,,0,0,0,False
2786,1867,2772,5,225,184,True,A78,0,,0,,0,,,,,0,0,0,False
2788,1867,2772,6,244,184,True,A79.0,0,,0,,0,,,,,0,0,0,False
2793,1867,2792,5,232,184,True,A80,0,,0,,0,,,,,0,0,0,False
2794,1867,2797,6,0,184,True,A80.0,0,,0,,0,,,,,0,0,0,False
2795,1867,2797,6,1,184,True,A80.1,0,,0,,0,,,,,0,0,0,False
2796,1867,2797,6,2,184,True,A80.2,0,,0,,0,,,,,0,0,0,False
2797,1867,44636,6,4,184,True,A80.3,0,,0,,0,,,,,0,0,0,False
2798,1867,2793,6,701,184,True,A80.4,0,,0,,0,,,,,0,0,0,False
2801,1867,2800,6,705,184,True,A81.0,0,,0,,0,,,,,0,0,0,False
2802,1867,2800,6,707,184,True,A81.1,0,,0,,0,,,,,0,0,0,False
2803,1867,2800,6,709,184,True,A81.2,0,,0,,0,,,,,0,0,0,False
2806,1867,2792,5,239,184,True,A82,0,,0,,0,,,,,0,0,0,False
2807,1867,2806,6,715,184,True,A82.0,0,,0,,0,,,,,0,0,0,False
2808,1867,2806,6,717,184,True,A82.1,0,,0,,0,,,,,0,0,0,False
2810,1867,2792,5,242,184,True,A83,0,,0,,0,,,,,0,0,0,False
2811,1867,2810,6,721,184,True,A83.0,0,,0,,0,,,,,0,0,0,False
2812,1867,2810,6,723,184,True,A83.1,0,,0,,0,,,,,0,0,0,False
2813,1867,2810,6,725,184,True,A83.2,0,,0,,0,,,,,0,0,0,False
2814,1867,2810,6,727,184,True,A83.3,0,,0,,0,,,,,0,0,0,False
2815,1867,2810,6,729,184,True,A83.4,0,,0,,0,,,,,0,0,0,False
2816,1867,2810,6,731,184,True,A83.5,0,,0,,0,,,,,0,0,0,False
2817,1867,2810,6,733,184,True,A83.6,0,,0,,0,,,,,0,0,0,False
2820,1867,2792,5,245,184,True,A84,0,,0,,0,,,,,0,0,0,False
2821,1867,2820,6,739,184,True,A84.0,0,,0,,0,,,,,0,0,0,False
2822,1867,2820,6,741,184,True,A84.1,0,,0,,0,,,,,0,0,0,False
2826,1867,43000,6,7,184,True,A85.0,0,,0,,0,,,,,0,0,0,False
2827,1867,2825,6,749,184,True,A85.1,0,,0,,0,,,,,0,0,0,False
2832,1867,4447,6,1,184,True,A87.0,0,,0,,0,,,,,0,0,0,False
2833,1867,4447,6,2,184,True,A87.1,0,,0,,0,,,,,0,0,0,False
2834,1867,44540,6,2,184,True,A87.2,0,,0,,0,,,,,0,0,0,False
2835,1867,4447,6,4,184,True,A87.8,0,,0,,0,,,,,0,0,0,False
2838,1867,2837,6,765,184,True,A88.0,0,,0,,0,,,,,0,0,0,False
2839,1867,2837,6,767,184,True,A88.1,0,,0,,0,,,,,0,0,0,False
2846,1867,2845,6,771,184,True,A92.0,0,,0,,0,,,,,0,0,0,False
2847,1867,2845,6,773,184,True,A92.1,0,,0,,0,,,,,0,0,0,False
2848,1867,2845,6,776,184,True,A92.2,0,,0,,0,,,,,0,0,0,False
2849,1867,2845,6,779,184,True,A92.3,0,,0,,0,,,,,0,0,0,False
2850,1867,2845,6,781,184,True,A92.4,0,,0,,0,,,,,0,0,0,False
2854,1867,2853,6,790,184,True,A93.0,0,,0,,0,,,,,0,0,0,False
2855,1867,2853,6,793,184,True,A93.1,0,,0,,0,,,,,0,0,0,False
2856,1867,2853,6,796,184,True,A93.2,0,,0,,0,,,,,0,0,0,False
2859,1867,2845,5,783,184,True,A95,0,,0,,0,,,,,0,0,0,False
2860,1867,2859,6,802,184,True,A95.0,0,,0,,0,,,,,0,0,0,False
2861,1867,2859,6,804,184,True,A95.1,0,,0,,0,,,,,0,0,0,False
2863,1867,2853,5,797,184,True,A96,0,,0,,0,,,,,0,0,0,False
2864,1867,2863,6,808,184,True,A96.0,0,,0,,0,,,,,0,0,0,False
2865,1867,2863,6,810,184,True,A96.1,0,,0,,0,,,,,0,0,0,False
2866,1867,2863,6,812,184,True,A96.2,0,,0,,0,,,,,0,0,0,False
2870,1867,2869,6,818,184,True,A98.0,0,,0,,0,,,,,0,0,0,False
2871,1867,2869,6,820,184,True,A98.1,0,,0,,0,,,,,0,0,0,False
2872,1867,2869,6,822,184,True,A98.2,0,,0,,0,,,,,0,0,0,False
2873,1867,2869,6,824,184,True,A98.3,0,,0,,0,,,,,0,0,0,False
2874,1867,2869,6,826,184,True,A98.4,0,,0,,0,,,,,0,0,0,False
2875,1867,2869,6,828,184,True,A98.5,0,,0,,0,,,,,0,0,0,False
2880,1867,2879,6,832,184,True,B00.0,0,,0,,0,,,,,0,0,0,False
2881,1867,2879,6,834,184,True,B00.1,0,,0,,0,,,,,0,0,0,False
2882,1867,2879,6,836,184,True,B00.2,0,,0,,0,,,,,0,0,0,False
2883,1867,4445,6,4,184,True,B00.3,0,,0,,0,,,,,0,0,0,False
2884,1867,43000,6,6,184,True,B00.4,0,,0,,0,,,,,0,0,0,False
2885,1867,2879,6,842,184,True,B00.5,0,,0,,0,,,,,0,0,0,False
2886,1867,2879,6,847,184,True,B00.7,0,,0,,0,,,,,0,0,0,False
2888,1867,2879,6,857,184,True,B00.9,0,,0,,0,,,,,0,0,0,False
2889,1867,2878,5,293,184,True,B01,0,,0,,0,"0,66",,,"0,5",0,0,0,False
2890,1867,4445,6,5,184,True,B01.0,0,,0,,0,,,,,0,0,0,False
2891,1867,45203,6,3,184,True,B01.1,0,,0,,0,,,,,0,0,0,False
2892,1867,2889,6,854,184,True,B01.2,0,,0,,0,,,,,0,0,0,False
2893,1867,2889,6,856,184,True,B01.8,0,,0,,0,,,,,0,0,0,False
2894,1867,2889,6,858,184,True,B01.9,0,,0,,0,,,,,0,0,0,False
2895,1867,2878,5,296,184,True,B02,0,,0,,0,"0,5",,,"0,5",0,0,0,False
2896,1867,4464,6,3,184,True,B02.0,0,,0,,0,,,,,0,0,0,False
2897,1867,4445,6,6,184,True,B02.1,0,,0,,0,,,,,0,0,0,False
2898,1867,2895,6,864,184,True,B02.2,0,,0,,0,,,,,0,0,0,False
2899,1867,2895,6,866,184,True,B02.3,0,,0,,0,,,,,0,0,0,False
2900,1867,2895,6,868,184,True,B02.7,0,,0,,0,,,,,0,0,0,False
2901,1867,2895,6,870,184,True,B02.8,0,,0,,0,,,,,0,0,0,False
2902,1867,2895,6,872,184,True,B02.9,0,,0,,0,,,,,0,0,0,False
2903,1867,2878,5,300,184,True,B03,0,,0,,0,,,,,0,0,0,False
2905,1867,2878,5,297,184,True,B05,0,,0,,0,,,,,0,0,0,False
2906,1867,45203,6,1,184,True,B05.0,0,,0,,0,,,,,0,0,0,False
2907,1867,4445,6,3,184,True,B05.1,0,,0,,0,,,,,0,0,0,False
2908,1867,2905,6,878,184,True,B05.2,0,,0,,0,,,,,0,0,0,False
2909,1867,2905,6,880,184,True,B05.3,0,,0,,0,,,,,0,0,0,False
2910,1867,2905,6,882,184,True,B05.4,0,,0,,0,,,,,0,0,0,False
2911,1867,2905,6,884,184,True,B05.8,0,,0,,0,,,,,0,0,0,False
2912,1867,2905,6,886,184,True,B05.9,0,,0,,0,,,,,0,0,0,False
2913,1867,2878,5,298,184,True,B06,0,,0,,0,,,,,0,0,0,False
2914,1867,2792,6,261,184,True,B06.0,0,,0,,0,,,,,0,0,0,False
2915,1867,2913,6,890,184,True,B06.8,0,,0,,0,,,,,0,0,0,False
2916,1867,2913,6,892,184,True,B06.9,0,,0,,0,,,,,0,0,0,False
2917,1867,2918,5,907,184,True,B07,0,,0,,0,,,,,0,0,0,False
2919,1867,2918,6,894,184,True,B08.0,0,,0,,0,,,,,0,0,0,False
2920,1867,2918,6,896,184,True,B08.1,0,,0,,0,,,,,0,0,0,False
2921,1867,2918,6,898,184,True,B08.2,0,,0,,0,,,,,0,0,0,False
2922,1867,2918,6,900,184,True,B08.3,0,,0,,0,,,,,0,0,0,False
2923,1867,2918,6,902,184,True,B08.4,0,,0,,0,,,,,0,0,0,False
2924,1867,2918,6,904,184,True,B08.5,0,,0,,0,,,,,0,0,0,False
2928,1867,2936,6,921,184,True,B15,0,,0,,0,,,,,0,0,0,False
2931,1867,38461,6,1,184,True,B16,0,,0,,0,,,,,0,0,0,False
2939,1867,2936,6,925,184,True,B17.2,0,,0,,0,,,,,0,0,0,False
2950,1867,38448,4,6,184,True,DG13,0,,0,,0,"0,82",,,"0,5",0,0,0,False
2951,1867,2950,5,335,184,True,B20,0,,0,,0,,,,,0,0,0,False
2952,1867,2951,6,942,184,True,B20.0,0,,0,,0,,,,,0,0,0,False
2953,1867,2951,6,944,184,True,B20.1,0,,0,,0,,,,,0,0,0,False
2954,1867,2951,6,946,184,True,B20.2,0,,0,,0,,,,,0,0,0,False
2955,1867,2951,6,948,184,True,B20.3,0,,0,,0,,,,,0,0,0,False
2956,1867,2951,6,950,184,True,B20.4,0,,0,,0,,,,,0,0,0,False
2957,1867,2951,6,952,184,True,B20.5,0,,0,,0,,,,,0,0,0,False
2958,1867,2951,6,954,184,True,B20.6,0,,0,,0,,,,,0,0,0,False
2959,1867,2951,6,956,184,True,B20.7,0,,0,,0,,,,,0,0,0,False
2962,1867,2950,5,338,184,True,B21,0,,0,,0,,,,,0,0,0,False
2963,1867,2962,6,962,184,True,B21.0,0,,0,,0,,,,,0,0,0,False
2964,1867,2962,6,964,184,True,B21.1,0,,0,,0,,,,,0,0,0,False
2965,1867,2962,6,966,184,True,B21.2,0,,0,,0,,,,,0,0,0,False
2966,1867,2962,6,968,184,True,B21.3,0,,0,,0,,,,,0,0,0,False
2967,1867,2962,6,970,184,True,B21.7,0,,0,,0,,,,,0,0,0,False
2970,1867,2950,5,341,184,True,B22,0,,0,,0,,,,,0,0,0,False
2971,1867,2970,6,976,184,True,B22.0,0,,0,,0,,,,,0,0,0,False
2972,1867,2970,6,978,184,True,B22.1,0,,0,,0,,,,,0,0,0,False
2973,1867,2970,6,980,184,True,B22.2,0,,0,,0,,,,,0,0,0,False
2974,1867,2970,6,982,184,True,B22.7,0,,0,,0,,,,,0,0,0,False
2975,1867,2950,5,344,184,True,B23,0,,0,,0,,,,,0,0,0,False
2977,1867,2975,6,987,184,True,B23.1,0,,0,,0,,,,,0,0,0,False
2978,1867,2975,6,989,184,True,B23.2,0,,0,,0,,,,,0,0,0,False
2982,1867,2981,5,351,184,True,B25,0,,0,,0,,,,,0,0,0,False
2983,1867,2982,6,992,184,True,B25.0,0,,0,,0,,,,,0,0,0,False
2984,1867,2982,6,994,184,True,B25.1,0,,0,,0,,,,,0,0,0,False
2985,1867,2982,6,996,184,True,B25.2,0,,0,,0,,,,,0,0,0,False
2988,1867,2981,5,354,184,True,B26,0,,0,,0,,,,,0,0,0,False
2989,1867,2988,6,1002,184,True,B26.0,0,,0,,0,,,,,0,0,0,False
2990,1867,4445,6,7,184,True,B26.1,0,,0,,0,,,,,0,0,0,False
2991,1867,4464,6,7,184,True,B26.2,0,,0,,0,,,,,0,0,0,False
2992,1867,2988,6,1008,184,True,B26.3,0,,0,,0,,,,,0,0,0,False
2993,1867,2988,6,1010,184,True,B26.8,0,,0,,0,,,,,0,0,0,False
2994,1867,2988,6,1012,184,True,B26.9,0,,0,,0,,,,,0,0,0,False
2995,1867,2981,5,357,184,True,B27,0,,0,,0,,,,,0,0,0,False
2996,1867,2995,6,1014,184,True,B27.0,0,,0,,0,,,,,0,0,0,False
2997,1867,2995,6,1016,184,True,B27.1,0,,0,,0,,,,,0,0,0,False
3001,1867,3000,6,1022,184,True,B30.0,0,,0,,0,,,,,0,0,0,False
3002,1867,3000,6,1024,184,True,B30.1,0,,0,,0,,,,,0,0,0,False
3003,1867,3000,6,1026,184,True,B30.2,0,,0,,0,,,,,0,0,0,False
3004,1867,3000,6,1028,184,True,B30.3,0,,0,,0,,,,,0,0,0,False
3008,1867,2981,6,372,184,True,B33.0,0,,0,,0,,,,,0,0,0,False
3009,1867,2981,6,373,184,True,B33.1,0,,0,,0,,,,,0,0,0,False
3010,1867,2981,6,374,184,True,B33.2,0,,0,,0,,,,,0,0,0,False
3011,1867,2981,6,375,184,True,B33.3,0,,0,,0,,,,,0,0,0,False
3013,1867,2981,5,366,184,True,B34,0,,0,,0,,,,,0,0,0,False
3014,1867,3013,6,1044,184,True,B34.0,0,,0,,0,,,,,0,0,0,False
3015,1867,2470,6,1,184,True,B34.1,0,,0,,0,,,,,0,0,0,False
3016,1867,42238,6,1,184,True,B34.2,0,,0,,0,,,,,0,0,0,False
3017,1867,3013,6,1050,184,True,B34.3,0,,0,,0,,,,,0,0,0,False
3018,1867,3013,6,1052,184,True,B34.4,0,,0,,0,,,,,0,0,0,False
3023,1867,3022,5,2,184,True,B35.0,0,,0,,0,,,,,0,0,0,False
3024,1867,48768,5,2,184,True,B35.1,0,,0,,0,,,,,0,0,0,False
3025,1867,36625,5,0,184,True,B35.2,0,,0,,0,,,,,0,0,0,False
3026,1867,36625,5,4,184,True,B35.3,0,,0,,0,,,,,0,0,0,False
3029,1867,36625,5,1,184,True,B35.6,0,,0,,0,,,,,0,0,0,False
3033,1867,42050,5,0,184,True,B36.0,0,,0,,0,,,,,0,0,0,False
3034,1867,3032,5,1079,184,True,B36.1,0,,0,,0,,,,,0,0,0,False
3035,1867,3032,5,1081,184,True,B36.2,0,,0,,0,,,,,0,0,0,False
3036,1867,3032,5,1083,184,True,B36.3,0,,0,,0,,,,,0,0,0,False
3040,1867,42048,5,0,184,True,B37.0,0,,0,,0,,,,,0,0,0,False
3046,1867,34719,5,2,184,True,B37.6,0,,0,,0,,,,,0,0,0,False
3047,1867,42045,5,0,184,True,B37.7,0,,0,,0,,,,,0,0,0,False
3051,1867,3053,5,0,184,True,B38.0,0,,0,,0,,,,,0,0,0,False
3052,1867,3053,5,1,184,True,B38.1,0,,0,,0,,,,,0,0,0,False
3056,1867,3050,5,1118,184,True,B38.7,0,,0,,0,,,,,0,0,0,False
3063,1867,3059,5,1132,184,True,B39.3,0,,0,,0,,,,,0,0,0,False
3068,1867,33368,5,0,184,True,B40.0,0,,0,,0,,,,,0,0,0,False
3069,1867,33368,5,1,184,True,B40.1,0,,0,,0,,,,,0,0,0,False
3072,1867,3067,5,1153,184,True,B40.7,0,,0,,0,,,,,0,0,0,False
3077,1867,3075,5,1154,184,True,B41.7,0,,0,,0,,,,,0,0,0,False
3082,1867,3080,5,1162,184,True,B42.1,0,,0,,0,,,,,0,0,0,False
3083,1867,3080,5,1164,184,True,B42.7,0,,0,,0,,,,,0,0,0,False
3089,1867,46008,5,1,184,True,B43.2,0,,0,,0,,,,,0,0,0,False
3093,1867,33082,5,0,184,True,B44.0,0,,0,,0,,,,,0,0,0,False
3096,1867,3092,5,1186,184,True,B44.7,0,,0,,0,,,,,0,0,0,False
3104,1867,3099,5,1200,184,True,B45.7,0,,0,,0,,,,,0,0,0,False
3109,1867,3107,5,1216,184,True,B46.1,0,,0,,0,,,,,0,0,0,False
3110,1867,3107,5,1215,184,True,B46.2,0,,0,,0,,,,,0,0,0,False
3112,1867,3107,5,1214,184,True,B46.4,0,,0,,0,,,,,0,0,0,False
3121,1867,3120,5,1228,184,True,B48.0,0,,0,,0,,,,,0,0,0,False
3122,1867,3120,5,1230,184,True,B48.1,0,,0,,0,,,,,0,0,0,False
3123,1867,3120,5,1232,184,True,B48.2,0,,0,,0,,,,,0,0,0,False
3124,1867,3120,5,1234,184,True,B48.3,0,,0,,0,,,,,0,0,0,False
3125,1867,3120,5,1236,184,True,B48.4,0,,0,,0,,,,,0,0,0,False
3147,1867,3129,4,2,184,True,B55,0,,0,,0,,,,,0,0,0,False
3148,1867,3147,5,1256,184,True,B55.0,0,,0,,0,,,,,0,0,0,False
3150,1867,3147,5,1258,184,True,B55.2,0,,0,,0,,,,,0,0,0,False
3152,1867,50198,4,424,184,True,B56,0,,0,,0,,,,,0,0,0,False
3153,1867,3152,5,1260,184,True,B56.0,0,,0,,0,,,,,0,0,0,False
3154,1867,3152,5,1261,184,True,B56.1,0,,0,,0,,,,,0,0,0,False
3156,1867,50198,4,423,184,True,B57,0,,0,,0,,,,,0,0,0,False
3163,1867,3129,4,431,184,True,B58,0,,0,,0,,,,,0,0,0,False
3164,1867,44722,5,2,184,True,B58.0,0,,0,,0,,,,,0,0,0,False
3165,1867,33987,5,12,184,True,B58.1,0,,0,,0,,,,,0,0,0,False
3166,1867,4465,5,1,184,True,B58.2,0,,0,,0,,,,,0,0,0,False
3170,1867,3129,4,5,184,True,B59,0,,0,,0,,,,,0,0,0,False
3172,1867,33968,5,0,184,True,B60.0,0,,0,,0,,,,,0,0,0,False
3173,1867,48747,5,1,184,True,B60.1,0,,0,,0,,,,,0,0,0,False
3174,1867,3171,5,1277,184,True,B60.2,0,,0,,0,,,,,0,0,0,False
3178,1867,49490,3,0,184,True,B65,0,,0,,0,,,,,0,0,0,False
3179,1867,3178,4,1279,184,True,B65.0,0,,0,,0,,,,,0,0,0,False
3180,1867,3178,4,1281,184,True,B65.1,0,,0,,0,,,,,0,0,0,False
3181,1867,3178,4,1282,184,True,B65.2,0,,0,,0,,,,,0,0,0,False
3182,1867,3178,4,1284,184,True,B65.3,0,,0,,0,,,,,0,0,0,False
3186,1867,49488,4,3,184,True,B66.0,0,,0,,0,,,,,0,0,0,False
3187,1867,49488,4,2,184,True,B66.1,0,,0,,0,,,,,0,0,0,False
3188,1867,49488,4,0,184,True,B66.2,0,,0,,0,,,,,0,0,0,False
3189,1867,49488,4,5,184,True,B66.3,0,,0,,0,,,,,0,0,0,False
3190,1867,49489,4,0,184,True,B66.4,0,,0,,0,,,,,0,0,0,False
3191,1867,49482,4,3,184,True,B66.5,0,,0,,0,,,,,0,0,0,False
3205,1867,50172,3,3,184,True,B68,0,,0,,0,,,,,0,0,0,False
3215,1867,3214,4,1310,184,True,B70.0,0,,0,,0,,,,,0,0,0,False
3216,1867,3214,4,1311,184,True,B70.1,0,,0,,0,,,,,0,0,0,False
3218,1867,3217,4,1312,184,True,B71.0,0,,0,,0,,,,,0,0,0,False
3219,1867,3217,4,1313,184,True,B71.1,0,,0,,0,,,,,0,0,0,False
3222,1867,35663,3,19,184,True,B72,0,,0,,0,,,,,0,0,0,False
3224,1867,35663,3,41,184,True,B74,0,,0,,0,,,,,0,0,0,False
3228,1867,3224,4,1321,184,True,B74.3,0,,0,,0,,,,,0,0,0,False
3229,1867,3224,4,1322,184,True,B74.4,0,,0,,0,,,,,0,0,0,False
3232,1867,35663,3,36,184,True,B75,0,,0,,0,,,,,0,0,0,False
3233,1867,35663,3,8,184,True,B76,0,,0,,0,,,,,0,0,0,False
3234,1867,3233,4,1323,184,True,B76.0,0,,0,,0,,,,,0,0,0,False
3235,1867,3233,4,1324,184,True,B76.1,0,,0,,0,,,,,0,0,0,False
3245,1867,3242,4,1332,184,True,B78.7,0,,0,,0,,,,,0,0,0,False
3247,1867,35663,3,37,184,True,B79,0,,0,,0,,,,,0,0,0,False
3248,1867,35663,3,46,184,True,B80,0,,0,,0,,,,,0,0,0,False
3250,1867,35663,4,7,184,True,B81.0,0,,0,,0,,,,,0,0,0,False
3252,1867,35663,4,38,184,True,B81.2,0,,0,,0,,,,,0,0,0,False
3261,1867,35663,4,16,184,True,B83.1,0,,0,,0,,,,,0,0,0,False
3264,1867,34133,4,2,184,True,B83.4,0,,0,,0,,,,,0,0,0,False
3271,1867,3268,4,1351,184,True,B85.2,0,,0,,0,,,,,0,0,0,False
3272,1867,3268,4,1352,184,True,B85.3,0,,0,,0,,,,,0,0,0,False
3273,1867,3271,4,0,184,True,B85.4,0,,0,,0,,,,,0,0,0,False
3274,1867,3267,3,473,184,True,B86,0,,0,,0,,,,,0,0,0,False
3275,1867,3267,3,475,184,True,B87,0,,0,,0,,,,,0,0,0,False
3277,1867,3275,4,1360,184,True,B87.1,0,,0,,0,,,,,0,0,0,False
3285,1867,3283,4,1362,184,True,B88.1,0,,0,,0,,,,,0,0,0,False
3287,1867,34133,4,1,184,True,B88.3,0,,0,,0,,,,,0,0,0,False
3290,1867,3267,3,479,184,True,B89,0,,0,,0,,,,,0,0,0,False
3342,1867,3341,5,533,184,True,D50,0,,0,,0,"0,82",,,"0,5",0,0,0,False
3347,1867,3341,5,535,184,True,D51,0,,0,,0,,,,,0,0,0,False
3354,1867,3341,5,537,184,True,D52,0,,0,,0,,,,,0,0,0,False
3433,1867,3432,6,1610,184,True,D68.0,0,,0,,0,,,,,0,0,0,False
3540,1867,3539,4,4,184,True,E00,0,,0,,0,,,,,0,0,0,False
3546,1867,3545,5,1701,184,True,E01.0,0,,0,,0,,,,,0,0,0,False
3547,1867,3545,5,1702,184,True,E01.1,0,,0,,0,,,,,0,0,0,False
3548,1867,3545,5,1703,184,True,E01.2,0,,0,,0,,,,,0,0,0,False
3552,1867,3551,5,1705,184,True,E03.0,0,,0,,0,,,,,0,0,0,False
3553,1867,3551,5,1706,184,True,E03.1,0,,0,,0,,,,,0,0,0,False
3561,1867,3560,5,1713,184,True,E04.0,0,,0,,0,,,,,0,0,0,False
3562,1867,3560,5,1714,184,True,E04.1,0,,0,,0,,,,,0,0,0,False
3563,1867,3560,5,1715,184,True,E04.2,0,,0,,0,,,,,0,0,0,False
3565,1867,3560,5,1717,184,True,E04.9,0,,0,,0,,,,,0,0,0,False
3578,1867,31235,5,2,184,True,E06.2,0,,0,,0,,,,,0,0,0,False
3580,1867,31235,5,3,184,True,E06.4,0,,0,,0,,,,,0,0,0,False
3581,1867,31235,6,4,184,True,E06.5,0,,0,,0,,,,,0,0,0,False
3588,1867,49535,3,0,184,False,DG47,0,,0,,0,"0,565048828125",,,"0,5",0,0,0,False
3589,1867,3588,4,1,184,True,E10,0,,0,,0,"0,66",,,"0,5",0,0,0,False
3590,1867,3589,5,1737,184,True,E10.0,0,,0,,0,,,,,0,0,0,False
3591,1867,3589,5,1738,184,True,E10.1,0,,0,,0,,,,,0,0,0,False
3592,1867,3589,5,1739,184,True,E10.2,0,,0,,0,,,,,0,0,0,False
3593,1867,3589,5,1740,184,True,E10.3,0,,0,,0,,,,,0,0,0,False
3594,1867,3589,5,1741,184,True,E10.4,0,,0,,0,,,,,0,0,0,False
3595,1867,3589,5,1742,184,True,E10.5,0,,0,,0,,,,,0,0,0,False
3596,1867,3589,5,1743,184,True,E10.6,0,,0,,0,,,,,0,0,0,False
3597,1867,3589,5,1744,184,True,E10.7,0,,0,,0,,,,,0,0,0,False
3598,1867,3589,5,1745,184,True,E10.8,0,,0,,0,,,,,0,0,0,False
3599,1867,3589,5,1746,184,True,E10.9,0,,0,,0,,,,,0,0,0,False
3600,1867,3588,4,0,184,True,E11,0,,0,,0,,,,,0,0,0,False
3601,1867,3600,5,1747,184,True,E11.0,0,,0,,0,,,,,0,0,0,False
3602,1867,3600,5,1748,184,True,E11.1,0,,0,,0,,,,,0,0,0,False
3603,1867,3600,5,1749,184,True,E11.2,0,,0,,0,,,,,0,0,0,False
3604,1867,3600,5,1750,184,True,E11.3,0,,0,,0,,,,,0,0,0,False
3605,1867,3600,5,1751,184,True,E11.4,0,,0,,0,,,,,0,0,0,False
3607,1867,3600,5,1753,184,True,E11.6,0,,0,,0,,,,,0,0,0,False
3608,1867,3600,5,1754,184,True,E11.7,0,,0,,0,,,,,0,0,0,False
3609,1867,3600,5,1755,184,True,E11.8,0,,0,,0,,,,,0,0,0,False
3610,1867,3600,5,1756,184,True,E11.9,0,,0,,0,,,,,0,0,0,False
3612,1867,3611,5,1757,184,True,E12.0,0,,0,,0,,,,,0,0,0,False
3613,1867,3611,5,1758,184,True,E12.1,0,,0,,0,,,,,0,0,0,False
3614,1867,3611,5,1759,184,True,E12.2,0,,0,,0,,,,,0,0,0,False
3615,1867,3611,5,1760,184,True,E12.3,0,,0,,0,,,,,0,0,0,False
3616,1867,3611,5,1761,184,True,E12.4,0,,0,,0,,,,,0,0,0,False
3617,1867,3611,5,1762,184,True,E12.5,0,,0,,0,,,,,0,0,0,False
3623,1867,3622,5,1767,184,True,E13.0,0,,0,,0,,,,,0,0,0,False
3624,1867,3622,5,1768,184,True,E13.1,0,,0,,0,,,,,0,0,0,False
3625,1867,3622,5,1769,184,True,E13.2,0,,0,,0,,,,,0,0,0,False
3626,1867,3622,5,1770,184,True,E13.3,0,,0,,0,,,,,0,0,0,False
3627,1867,3622,5,1771,184,True,E13.4,0,,0,,0,,,,,0,0,0,False
3628,1867,3622,5,1772,184,True,E13.5,0,,0,,0,,,,,0,0,0,False
3629,1867,3622,5,1773,184,True,E13.6,0,,0,,0,,,,,0,0,0,False
3630,1867,3622,5,1774,184,True,E13.7,0,,0,,0,,,,,0,0,0,False
3631,1867,3622,5,1775,184,True,E13.8,0,,0,,0,,,,,0,0,0,False
3632,1867,3622,5,1776,184,True,E13.9,0,,0,,0,,,,,0,0,0,False
3633,1867,3588,4,6,184,True,E14,0,,0,,0,,,,,0,0,0,False
3634,1867,3633,5,1777,184,True,E14.0,0,,0,,0,,,,,0,0,0,False
3635,1867,3633,5,1778,184,True,E14.1,0,,0,,0,,,,,0,0,0,False
3636,1867,3633,5,1779,184,True,E14.2,0,,0,,0,,,,,0,0,0,False
3637,1867,3633,5,1780,184,True,E14.3,0,,0,,0,,,,,0,0,0,False
3638,1867,3633,5,1781,184,True,E14.4,0,,0,,0,,,,,0,0,0,False
3639,1867,3633,5,1782,184,True,E14.5,0,,0,,0,,,,,0,0,0,False
3640,1867,3633,5,1783,184,True,E14.6,0,,0,,0,,,,,0,0,0,False
3641,1867,3633,5,1784,184,True,E14.7,0,,0,,0,,,,,0,0,0,False
3642,1867,3633,5,1785,184,True,E14.8,0,,0,,0,,,,,0,0,0,False
3643,1867,3633,5,1786,184,True,E14.9,0,,0,,0,,,,,0,0,0,False
3655,1867,3654,5,1793,184,True,E20.0,0,,0,,0,,,,,0,0,0,False
3656,1867,3654,5,1794,184,True,E20.1,0,,0,,0,,,,,0,0,0,False
3660,1867,3659,5,1797,184,True,E21.0,0,,0,,0,,,,,0,0,0,False
3661,1867,3659,5,1798,184,True,E21.1,0,,0,,0,,,,,0,0,0,False
3667,1867,3666,5,1803,184,True,E22.0,0,,0,,0,,,,,0,0,0,False
3675,1867,3678,4,0,184,True,E23.2,0,,0,,0,,,,,0,0,0,False
3679,1867,3678,4,1,184,True,E24,0,,0,,0,,,,,0,0,0,False
3680,1867,3679,5,1814,184,True,E24.0,0,,0,,0,"0,66",,,"0,5",0,0,0,False
3681,1867,3679,5,1815,184,True,E24.1,0,,0,,0,,,,,0,0,0,False
3682,1867,3679,5,1816,184,True,E24.2,0,,0,,0,,,,,0,0,0,False
3684,1867,3679,5,1818,184,True,E24.4,0,,0,,0,,,,,0,0,0,False
3686,1867,3679,5,1819,184,True,E24.9,0,,0,,0,"0,82",,,"0,5",0,0,0,False
3692,1867,3691,5,1824,184,True,E26.0,0,,0,,0,"0,66",,,"0,5",0,0,0,False
3693,1867,3691,5,1825,184,True,E26.1,0,,0,,0,,,,,0,0,0,False
3698,1867,32208,1,2,184,True,E27.1,0,,0,,0,,,,,0,0,0,False
3708,1867,3705,4,1838,184,True,E28.2,0,,0,,0,,,,,0,0,0,False
3709,1867,3705,4,1839,184,True,E28.3,0,,0,,0,,,,,0,0,0,False
3718,1867,3717,4,1846,184,True,E30.0,0,,0,,0,,,,,0,0,0,False
3728,1867,3727,4,1854,184,True,E32.0,0,,0,,0,,,,,0,0,0,False
3733,1867,3732,5,1858,184,True,E34.0,0,,0,,0,,,,,0,0,0,False
3736,1867,3732,5,1861,184,True,E34.3,0,,0,,0,,,,,0,0,0,False
3737,1867,3732,5,1862,184,True,E34.4,0,,0,,0,,,,,0,0,0,False
3738,1867,44668,5,2,184,True,E34.5,0,,0,,0,,,,,0,0,0,False
4439,1867,4438,5,2423,184,True,G00.0,0,,0,,0,,,,,0,0,0,False
4559,1867,4553,5,2513,184,True,G37.5,0,,0,,0,,,,,0,0,0,False
5158,1867,41089,5,3,184,True,H60.2,0,,0,,0,,,,,0,0,0,False
5161,1867,41089,5,6,184,True,H60.5,0,,0,,0,,,,,0,0,0,False
5179,1867,41093,4,7,184,True,H65,0,,0,,0,,,,,0,0,0,False
5180,1867,5181,5,0,184,True,H65.0,0,,0,,0,,,,,0,0,0,False
5181,1867,5179,5,3023,184,True,H65.1,0,,0,,0,,,,,0,0,0,False
5182,1867,5184,5,0,184,True,H65.2,0,,0,,0,,,,,0,0,0,False
5183,1867,5184,5,1,184,True,H65.3,0,,0,,0,,,,,0,0,0,False
5184,1867,5179,5,3025,184,True,H65.4,0,,0,,0,,,,,0,0,0,False
5186,1867,41093,4,8,184,True,H66,0,,0,,0,,,,,0,0,0,False
5218,1867,41092,5,0,184,True,H73.0,0,,0,,0,,,,,0,0,0,False
5219,1867,41092,5,1,184,True,H73.1,0,,0,,0,,,,,0,0,0,False
5224,1867,5222,5,3059,184,True,H74.1,0,,0,,0,,,,,0,0,0,False
5234,1867,5233,4,1054,184,True,H80,0,,0,,0,,,,,0,0,0,False
5241,1867,5240,5,3070,184,True,H81.0,0,,0,,0,,,,,0,0,0,False
5243,1867,5240,5,3072,184,True,H81.2,0,,0,,0,,,,,0,0,0,False
5338,1867,5337,4,1072,184,False,I10,0,,0,,0,"0,82",,,"0,5",0,0,0,False
5350,1867,5337,4,1076,184,True,I15,0,,0,,0,,,,,0,0,0,False
5356,1867,19740,4,1,184,True,DG94,0,,0,,0,"0,735",,,"0,5",0,0,0,False
5358,1867,5357,6,3159,184,True,I20.0,0,,0,,0,"0,82",,,"0,5",0,0,0,False
5391,1867,5388,6,3187,184,True,I25.2,0,,0,,0,,,,,0,0,0,False
5761,1867,36716,4,0,184,True,J01,0,,0,,0,,,,,0,0,0,False
5770,1867,5769,5,3500,184,True,J02.0,0,,0,,0,,,,,0,0,0,False
5778,1867,35182,5,1,184,True,J04.0,0,,0,,0,,,,,0,0,0,False
5779,1867,36942,5,1,184,True,J04.1,0,,0,,0,,,,,0,0,0,False
5780,1867,35186,5,0,184,True,J04.2,0,,0,,0,,,,,0,0,0,False
5783,1867,37360,5,0,184,True,J05.1,0,,0,,0,,,,,0,0,0,False
5785,1867,5769,5,3505,184,True,J06.0,0,,0,,0,,,,,0,0,0,False
5789,1867,38448,4,11,184,True,J10,0,,0,,0,,,,,0,0,0,False
5797,1867,31733,4,13,184,True,J12,0,,0,,0,,,,,0,0,0,False
5803,1867,5805,4,3523,184,True,J13,0,,0,,0,,,,,0,0,0,False
5804,1867,5805,4,3524,184,True,J14,0,,0,,0,,,,,0,0,0,False
5805,1867,31733,4,10,184,True,J15,0,,0,,0,,,,,0,0,0,False
5807,1867,5805,5,3525,184,True,J15.1,0,,0,,0,,,,,0,0,0,False
5808,1867,5805,5,3526,184,True,J15.2,0,,0,,0,,,,,0,0,0,False
5809,1867,5805,5,3527,184,True,J15.3,0,,0,,0,,,,,0,0,0,False
5810,1867,5805,5,3528,184,True,J15.4,0,,0,,0,,,,,0,0,0,False
5811,1867,5805,5,3529,184,True,J15.5,0,,0,,0,,,,,0,0,0,False
5813,1867,5805,5,3531,184,True,J15.7,0,,0,,0,,,,,0,0,0,False
5817,1867,5816,5,3532,184,True,J16.0,0,,0,,0,,,,,0,0,0,False
5820,1867,5819,5,3534,184,True,J17.0,0,,0,,0,,,,,0,0,0,False
5821,1867,5819,5,3535,184,True,J17.1,0,,0,,0,,,,,0,0,0,False
5822,1867,5819,5,3536,184,True,J17.2,0,,0,,0,,,,,0,0,0,False
5823,1867,5819,5,3537,184,True,J17.3,0,,0,,0,,,,,0,0,0,False
5825,1867,31733,4,8,184,True,J18,0,,0,,0,,,,,0,0,0,False
5827,1867,5825,5,3541,184,True,J18.1,0,,0,,0,,,,,0,0,0,False
5828,1867,5825,5,3542,184,True,J18.2,0,,0,,0,,,,,0,0,0,False
5832,1867,33608,4,3,184,True,J20,0,,0,,0,,,,,0,0,0,False
5886,1867,36942,4,0,184,True,J37,0,,0,,0,,,,,0,0,0,False
5983,1867,19738,4,4,184,True,J80,0,,0,,0,"0,82",,,"0,5",0,0,0,False
6049,1867,6047,5,3704,184,True,K00.1,0,,0,,0,,,,,0,0,0,False
6050,1867,6047,5,3705,184,True,K00.2,0,,0,,0,,,,,0,0,0,False
6051,1867,6047,5,3706,184,True,K00.3,0,,0,,0,,,,,0,0,0,False
6055,1867,6047,5,3710,184,True,K00.7,0,,0,,0,,,,,0,0,0,False
6059,1867,6058,5,3713,184,True,K01.0,0,,0,,0,,,,,0,0,0,False
6060,1867,6058,5,3714,184,True,K01.1,0,,0,,0,,,,,0,0,0,False
6061,1867,49702,4,0,184,True,K02,0,,0,,0,,,,,0,0,0,False
6062,1867,49702,5,4,184,True,K02.0,0,,0,,0,,,,,0,0,0,False
6063,1867,49702,5,3,184,True,K02.1,0,,0,,0,,,,,0,0,0,False
6064,1867,49702,5,5,184,True,K02.2,0,,0,,0,,,,,0,0,0,False
6065,1867,6061,5,3718,184,True,K02.3,0,,0,,0,,,,,0,0,0,False
6066,1867,49702,5,2,184,True,K02.4,0,,0,,0,,,,,0,0,0,False
6074,1867,6069,5,3726,184,True,K03.4,0,,0,,0,,,,,0,0,0,False
6093,1867,34036,5,2,184,True,K05.1,0,,0,,0,,,,,0,0,0,False
6096,1867,6097,5,2,184,True,K05.4,0,,0,,0,,,,,0,0,0,False
6130,1867,6128,5,3775,184,True,K10.1,0,,0,,0,,,,,0,0,0,False
6141,1867,6135,5,3785,184,True,K11.5,0,,0,,0,,,,,0,0,0,False
6149,1867,6146,5,3793,184,True,K12.2,0,,0,,0,,,,,0,0,0,False
6153,1867,6150,5,3795,184,True,K13.2,0,,0,,0,,,,,0,0,0,False
6154,1867,6150,5,3796,184,True,K13.3,0,,0,,0,,,,,0,0,0,False
6156,1867,6150,5,3798,184,True,K13.5,0,,0,,0,,,,,0,0,0,False
6160,1867,6159,5,3801,184,True,K14.0,0,,0,,0,,,,,0,0,0,False
6162,1867,6160,5,9,184,True,K14.2,0,,0,,0,,,,,0,0,0,False
6165,1867,6159,5,3806,184,True,K14.5,0,,0,,0,,,,,0,0,0,False
6185,1867,6170,6,13,184,True,K23.0,0,,0,,0,,,,,0,0,0,False
6229,1867,33866,7,0,184,True,K29.0,0,,0,,0,,,,,0,0,0,False
6231,1867,32452,7,8,184,True,K29.2,0,,0,,0,,,,,0,0,0,False
6232,1867,6234,7,1,184,True,K29.3,0,,0,,0,,,,,0,0,0,False
6233,1867,6234,7,2,184,True,K29.4,0,,0,,0,,,,,0,0,0,False
6300,1867,39339,5,3,184,True,K50,0,,0,,0,,,,,0,0,0,False
6301,1867,6300,6,3915,184,True,K50.0,0,,0,,0,,,,,0,0,0,False
6302,1867,6300,6,3916,184,True,K50.1,0,,0,,0,,,,,0,0,0,False
6305,1867,39339,5,4,184,True,K51,0,,0,,0,"0,705",,,"0,5",0,0,0,False
6306,1867,6305,6,3919,184,True,K51.0,0,,0,,0,,,,,0,0,0,False
6307,1867,6305,6,3920,184,True,K51.1,0,,0,,0,,,,,0,0,0,False
6308,1867,6305,6,3921,184,True,K51.2,0,,0,,0,,,,,0,0,0,False
6309,1867,6305,6,3922,184,True,K51.3,0,,0,,0,,,,,0,0,0,False
6310,1867,6305,6,3923,184,True,K51.4,0,,0,,0,,,,,0,0,0,False
6311,1867,6305,6,3924,184,True,K51.5,0,,0,,0,,,,,0,0,0,False
6337,1867,49784,7,0,184,True,K57.0,0,,0,,0,,,,,0,0,0,False
6338,1867,49784,7,1,184,True,K57.1,0,,0,,0,,,,,0,0,0,False
6339,1867,49785,7,0,184,True,K57.2,0,,0,,0,,,,,0,0,0,False
6340,1867,49785,7,1,184,True,K57.3,0,,0,,0,,,,,0,0,0,False
6341,1867,6336,7,3950,184,True,K57.4,0,,0,,0,,,,,0,0,0,False
6342,1867,6336,7,3951,184,True,K57.5,0,,0,,0,,,,,0,0,0,False
6343,1867,6336,7,3952,184,True,K57.8,0,,0,,0,,,,,0,0,0,False
6344,1867,6336,7,3953,184,True,K57.9,0,,0,,0,,,,,0,0,0,False
6345,1867,6320,6,1,184,True,K58,0,,0,,0,,,,,0,0,0,False
6405,1867,6404,5,1257,184,True,K70,0,,0,,0,,,,,0,0,0,False
6406,1867,6405,6,4002,184,True,K70.0,0,,0,,0,,,,,0,0,0,False
6407,1867,6405,6,4003,184,True,K70.1,0,,0,,0,"0,66",,,"0,5",0,0,0,False
6408,1867,6405,6,4004,184,True,K70.2,0,,0,,0,,,,,0,0,0,False
6409,1867,6405,6,4005,184,True,K70.3,0,,0,,0,,,,,0,0,0,False
6410,1867,6405,6,4006,184,True,K70.4,0,,0,,0,,,,,0,0,0,False
6506,1867,6505,6,4085,184,True,K90.0,0,,0,,0,,,,,0,0,0,False
6507,1867,6505,6,4086,184,True,K90.1,0,,0,,0,,,,,0,0,0,False
6702,1867,6701,4,1305,184,True,L50,0,,0,,0,"0,5",,,"0,5",0,0,0,False
6819,1867,46495,4,0,184,True,L71,0,,0,,0,"0,82",,,"0,5",0,0,0,False
7140,1867,7139,5,4603,184,True,M30.0,0,,0,,0,,,,,0,0,0,False
7141,1867,7139,5,4604,184,True,M30.1,0,,0,,0,,,,,0,0,0,False
7142,1867,7139,5,4605,184,True,M30.2,0,,0,,0,,,,,0,0,0,False
7143,1867,7139,5,4606,184,True,M30.3,0,,0,,0,,,,,0,0,0,False
7147,1867,7145,5,4609,184,True,M31.1,0,,0,,0,,,,,0,0,0,False
7149,1867,34244,5,2,184,True,M31.3,0,,0,,0,,,,,0,0,0,False
7150,1867,7145,5,4612,184,True,M31.4,0,,0,,0,,,,,0,0,0,False
7160,1867,7138,4,1376,184,True,M33,0,,0,,0,,,,,0,0,0,False
7165,1867,7138,4,1377,184,True,M34,0,,0,,0,,,,,0,0,0,False
7167,1867,7165,5,4626,184,True,M34.1,0,,0,,0,,,,,0,0,0,False
7175,1867,38961,5,8,184,True,M35.3,0,,0,,0,,,,,0,0,0,False
7176,,47051,5,0,184,True,M35.4,0,,0,,0,,,,,0,0,0,False
7178,1867,34107,5,8,184,True,M35.6,0,,0,,0,,,,,0,0,0,False
7179,1867,7138,5,1383,184,True,M35.7,0,,0,,0,,,,,0,0,0,False
7580,1867,7576,6,4977,184,True,N00.3,0,,0,,0,,,,,0,0,0,False
7581,1867,7576,6,4978,184,True,N00.4,0,,0,,0,,,,,0,0,0,False
7583,1867,7576,6,4980,184,True,N00.6,0,,0,,0,,,,,0,0,0,False
7609,1867,7575,5,1430,184,True,N03,0,,0,,0,,,,,0,0,0,False
7653,1867,7575,5,1434,184,True,N07,0,,0,,0,,,,,0,0,0,False
7673,1867,7672,5,1436,184,True,N10,0,,0,,0,,,,,0,0,0,False
7674,1867,7672,5,1437,184,True,N11,0,,0,,0,,,,,0,0,0,False
7675,1867,7674,6,5061,184,True,N11.0,0,,0,,0,,,,,0,0,0,False
7676,1867,7674,6,5062,184,True,N11.1,0,,0,,0,,,,,0,0,0,False
7679,1867,7672,5,1438,184,True,N12,0,,0,,0,,,,,0,0,0,False
7680,1867,7672,5,1439,184,True,N13,0,,0,,0,,,,,0,0,0,False
7686,1867,7680,6,5070,184,True,N13.6,0,,0,,0,,,,,0,0,0,False
7698,1867,7672,6,1447,184,True,N15.1,0,,0,,0,,,,,0,0,0,False
7709,1867,17752,6,17,184,True,DG146,0,,0,,0,"0,7",,,"0,5",0,0,0,False
7710,1867,38249,6,0,184,True,N17,0,,0,,0,"0,66",,,"0,5",0,0,0,False
7721,1867,19735,5,3,184,True,DG147,0,,0,,0,"0,66",,,"0,5",0,0,0,False
7739,1867,7737,6,5109,184,True,N25.1,0,,0,,0,,,,,0,0,0,False
7753,1867,7752,6,5119,184,True,N29.0,0,,0,,0,,,,,0,0,0,False
7759,1867,7757,6,5124,184,True,N30.1,0,,0,,0,,,,,0,0,0,False
7762,1867,7757,6,5127,184,True,N30.4,0,,0,,0,,,,,0,0,0,False
7780,1867,7779,6,5141,184,True,N33.0,0,,0,,0,,,,,0,0,0,False
7816,1867,7812,5,5169,184,True,N41.3,0,,0,,0,,,,,0,0,0,False
7839,1867,7840,5,2,184,True,N48.1,0,,0,,0,,,,,0,0,0,False
8221,1867,8193,4,1532,184,True,O24,0,,0,,0,,,,,0,0,0,False
9382,1867,9375,5,6475,184,True,Q60.6,0,,0,,0,,,,,0,0,0,False
9383,1867,45452,4,0,184,True,Q61,0,,0,,0,,,,,0,0,0,False
9385,1867,9383,5,6477,184,True,Q61.1,0,,0,,0,,,,,0,0,0,False
9386,1867,9383,5,6478,184,True,Q61.2,0,,0,,0,,,,,0,0,0,False
9393,1867,9392,5,6484,184,True,Q62.0,0,,0,,0,,,,,0,0,0,False
9410,1867,45463,5,0,184,True,Q64.0,0,,0,,0,,,,,0,0,0,False
9411,1867,45463,5,1,184,True,Q64.1,0,,0,,0,,,,,0,0,0,False
11938,1867,11936,5,848,184,True,C84.1,0,,0,,0,,,,,0,0,0,False
11944,1867,11943,5,853,184,True,C85.0,0,,0,,0,,,,,0,0,0,False
12342,1867,38461,6,2,184,False,,0,,0,,0,,,,,0,0,0,False
12343,1867,2941,6,1,184,False,,0,,0,,0,,,,,0,0,0,False
15924,1867,1640,3,423,184,False,,0,,0,,0,"0,82",,,"0,5",0,0,0,False
16265,1867,15860,3,82,184,False,,0,,0,,0,,,,,0,0,0,False
17295,1867,6240,6,6,184,False,,0,,0,,0,,,,,0,0,0,False
17421,1867,5516,10,1,184,False,,0,,0,,0,"0,5",,,"0,5",0,0,0,False
17811,1867,45430,6,1,184,False,,0,,0,,0,,,,,0,0,0,False
17826,1867,17825,7,1,184,False,,0,,0,,0,,,,,0,0,0,False
18834,1867,3588,4,634,184,False,,0,,0,,0,,,,,0,0,0,False
18841,1867,3588,4,635,184,False,,0,,0,,0,,,,,0,0,0,False
18842,1867,3588,4,636,184,False,,0,,0,,0,,,,,0,0,0,False
19377,1867,3736,6,1,184,False,,0,,0,,0,,,,,0,0,0,False
19432,1867,3736,6,3,184,False,,0,,0,,0,,,,,0,0,0,False
19433,1867,3736,6,5,184,False,,0,,0,,0,,,,,0,0,0,False
19434,1867,3736,6,7,184,False,,0,,0,,0,,,,,0,0,0,False
31788,1867,32452,7,6,184,False,,0,,0,,0,,,,,0,0,0,False
31789,1867,32452,7,5,184,False,,0,,0,,0,,,,,0,0,0,False
31790,1867,32452,7,3,184,False,,0,,0,,0,,,,,0,0,0,False
31791,1867,6170,7,2,184,False,,0,,0,,0,,,,,0,0,0,False
31792,1867,6170,7,4,184,False,,0,,0,,0,,,,,0,0,0,False
31793,1867,6170,7,1,184,False,,0,,0,,0,,,,,0,0,0,False
32048,1867,6234,7,0,184,False,,0,,0,,0,,,,,0,0,0,False
32223,1867,5825,5,1,184,False,,0,,0,,0,,,,,0,0,0,False
32451,1867,2733,4,0,184,False,A53.9,0,,0,,0,,,,,0,0,0,False
32535,1867,16338,0,1,184,False,,0,,0,,66,,,,,0,0,0,
32551,1867,32208,2,13,184,False,,0,,0,,66,"0,5",,,"0,5",0,0,0,
32589,1867,6234,0,4,184,False,,0,,0,,66,,,,,0,0,0,
32593,1867,3021,0,420,184,False,,0,,0,,66,,,,,0,0,0,
32596,1867,46304,0,3,184,False,,0,,0,,66,,,,,0,0,0,
32607,1867,35663,0,6,184,False,,0,,0,,66,,,,,0,0,0,
32608,1867,3283,0,1365,184,False,B88.0,0,,0,,66,,,,,0,0,0,
32611,1867,36975,6,7,184,False,,0,,0,,66,,,,,0,0,0,
32613,1867,3021,0,413,184,False,,0,,0,,66,,,,,0,0,0,
32638,1867,6701,0,1314,184,False,,0,,0,,66,,,,,0,0,0,
32641,1867,3021,0,437,184,False,,0,,0,,66,,,,,0,0,0,
32644,1867,32643,7,5,184,False,,0,,0,,66,,,,,0,0,0,
32645,1867,32643,7,2,184,False,,0,,0,,66,,,,,0,0,0,
32646,1867,32643,7,1,184,False,,0,,0,,66,,,,,0,0,0,
32647,1867,32643,7,0,184,False,,0,,0,,66,,,,,0,0,0,
32649,1867,2639,7,474,184,False,,0,,0,,66,,,,,0,0,0,
32651,1867,2639,7,475,184,False,,0,,0,,66,,,,,0,0,0,
32652,1867,2639,7,476,184,False,,0,,0,,66,,,,,0,0,0,
32696,1867,3021,0,414,184,False,,0,,0,,66,,,,,0,0,0,
32729,1867,50172,0,2,184,False,,0,,0,,66,,,,,0,0,0,
32773,1867,3185,0,0,184,False,,0,,0,,66,,,,,0,0,0,
32825,1867,18947,0,4,184,False,,0,,0,,66,,,,,0,0,0,
32842,1867,36975,6,6,184,False,,0,,0,,66,,,,,0,0,0,
33014,1867,4553,0,2516,184,False,,0,,0,,66,,,,,0,0,0,
33056,1867,3185,0,1,184,False,,0,,0,,66,,,,,0,0,0,
33077,1867,33076,6,0,184,False,,0,,0,,66,,,,,0,0,0,
33078,1867,33076,6,1,184,False,,0,,0,,66,,,,,0,0,0,
33079,1867,33076,6,2,184,False,,0,,0,,66,,,,,0,0,0,
33080,1867,33076,6,3,184,False,,0,,0,,66,,,,,0,0,0,
33081,1867,33076,6,4,184,False,,0,,0,,66,,,,,0,0,0,
33085,1867,3021,0,421,184,False,,0,,0,,66,,,,,0,0,0,
33173,1867,4537,0,2502,184,False,,0,,0,,66,,,,,0,0,0,
33177,1867,2981,0,377,184,False,,0,,0,,66,,,,,0,0,0,
33201,1867,6150,0,3801,184,False,,0,,0,,66,,,,,0,0,0,
33240,1867,36975,6,5,184,False,,0,,0,,66,,,,,0,0,0,
33258,1867,3021,0,422,184,False,,0,,0,,66,,,,,0,0,0,
33259,1867,2464,2,1,184,False,,0,,0,,66,,,,,0,0,0,
33260,1867,2464,2,2,184,False,,0,,0,,66,,,,,0,0,0,
33261,1867,2464,2,3,184,False,,0,,0,,66,,,,,0,0,0,
33262,1867,2464,2,4,184,False,,0,,0,,66,,,,,0,0,0,
33278,1867,43647,3,82,184,False,,0,,0,,66,,,,,0,0,0,
33324,1867,2772,0,241,184,False,,0,,0,,66,,,,,0,0,0,
33346,1867,46703,0,4,184,False,,0,,0,,66,,,,,0,0,0,
33365,1867,31235,6,5,184,False,,0,,0,,66,,,,,0,0,0,
33366,1867,3067,6,1154,184,False,,0,,0,,66,,,,,0,0,0,
33369,1867,3067,0,1157,184,False,,0,,0,,66,,,,,0,0,0,
33370,1867,3067,6,1156,184,False,,0,,0,,66,,,,,0,0,0,
33499,1867,38463,0,14,184,False,,0,,0,,66,,,,,0,0,0,
33563,1867,3149,6,2,184,False,,0,,0,,66,,,,,0,0,0,
33569,1867,2446,2,1,184,False,,0,,0,,66,,,,,0,0,0,
33577,1867,7575,0,1436,184,False,,0,,0,,66,,,,,0,0,0,
33630,1867,3224,0,0,184,False,,0,,0,,66,,,,,0,0,0,
33640,1867,2545,7,316,184,False,,0,,0,,66,,,,,0,0,0,
33641,1867,2545,7,315,184,False,,0,,0,,66,,,,,0,0,0,
33642,1867,2545,7,312,184,False,,0,,0,,66,,,,,0,0,0,
33643,1867,2545,7,314,184,False,,0,,0,,66,,,,,0,0,0,
33644,1867,2545,7,313,184,False,,0,,0,,66,,,,,0,0,0,
33735,1867,39632,6,3,184,False,,0,,0,,66,,,,,0,0,0,
33747,1867,6904,6,14,184,False,,0,,0,,66,,,,,0,0,0,
33749,1867,36975,6,3,184,False,,0,,0,,66,,,,,0,0,0,
33836,1867,2772,0,246,184,False,,0,,0,,66,,,,,0,0,0,
33850,1867,32452,8,18,184,False,,0,,0,,66,,,,,0,0,0,
33851,1867,32452,8,19,184,False,,0,,0,,66,,,,,0,0,0,
33852,1867,32452,8,21,184,False,,0,,0,,66,,,,,0,0,0,
33853,1867,32452,8,22,184,False,,0,,0,,66,,,,,0,0,0,
33854,1867,32452,8,23,184,False,,0,,0,,66,,,,,0,0,0,
33855,1867,32452,8,24,184,False,,0,,0,,66,,,,,0,0,0,
33856,1867,33855,8,0,184,False,,0,,0,,66,,,,,0,0,0,
33857,1867,32452,8,26,184,False,,0,,0,,66,,,,,0,0,0,
33858,1867,32452,8,27,184,False,,0,,0,,66,,,,,0,0,0,
33859,1867,32452,8,28,184,False,,0,,0,,66,,,,,0,0,0,
33860,1867,32452,8,29,184,False,,0,,0,,66,,,,,0,0,0,
33862,1867,32452,8,30,184,False,,0,,0,,66,,,,,0,0,0,
33863,1867,32452,8,31,184,False,,0,,0,,66,,,,,0,0,0,
33864,1867,32452,8,32,184,False,,0,,0,,66,,,,,0,0,0,
33865,1867,32452,8,33,184,False,,0,,0,,66,,,,,0,0,0,
33867,1867,32452,8,36,184,False,,0,,0,,66,,,,,0,0,0,
33868,1867,32452,8,37,184,False,,0,,0,,66,,,,,0,0,0,
33869,1867,32452,8,38,184,False,,0,,0,,66,,,,,0,0,0,
33951,1867,3021,0,425,184,False,,0,,0,,66,,,,,0,0,0,
33957,1867,35663,0,13,184,False,,0,,0,,66,,,,,0,0,0,
33968,1867,3129,0,1,184,False,,0,,0,,66,,,,,0,0,0,
34006,1867,49482,0,1,184,False,,0,,0,,66,,,,,0,0,0,
34007,1867,36975,6,2,184,False,,0,,0,,66,,,,,0,0,0,
34037,1867,6091,0,3751,184,False,,0,,0,,66,,,,,0,0,0,
34133,1867,3283,0,1367,184,False,,0,,0,,66,,,,,0,0,0,
34137,1867,3065,6,0,184,False,,0,,0,,66,,,,,0,0,0,
34187,1867,6160,0,1,184,False,,0,,0,,66,,,,,0,0,0,
34188,1867,6160,0,2,184,False,,0,,0,,66,,,,,0,0,0,
34189,1867,6160,0,3,184,False,,0,,0,,66,,,,,0,0,0,
34190,1867,6160,0,4,184,False,,0,,0,,66,,,,,0,0,0,
34191,1867,6160,0,5,184,False,,0,,0,,66,,,,,0,0,0,
34192,1867,6160,0,6,184,False,,0,,0,,66,,,,,0,0,0,
34193,1867,6160,0,7,184,False,,0,,0,,66,,,,,0,0,0,
34222,1867,35663,0,17,184,False,,0,,0,,66,,,,,0,0,0,
34349,1867,3283,0,1366,184,False,,0,,0,,66,,,,,0,0,0,
34401,1867,3275,5,1367,184,False,,0,,0,,66,,,,,0,0,0,
34418,1867,3675,1,1,184,False,,0,,0,,66,,,,,0,0,0,
34419,1867,3675,1,2,184,False,,0,,0,,66,,,,,0,0,0,
34420,1867,3675,1,3,184,False,,0,,0,,66,,,,,0,0,0,
34433,1867,2427,7,0,184,False,,0,,0,,66,,,,,0,0,0,
34435,1867,2426,7,48,184,False,,0,,0,,66,,,,,0,0,0,
34436,1867,2426,7,49,184,False,,0,,0,,66,,,,,0,0,0,
34437,1867,2426,7,50,184,False,,0,,0,,66,,,,,0,0,0,
34438,1867,34437,7,1,184,False,,0,,0,,66,,,,,0,0,0,
34439,1867,34437,7,0,184,False,,0,,0,,66,,,,,0,0,0,
34444,1867,35663,0,18,184,False,,0,,0,,66,,,,,0,0,0,
34524,1867,6237,8,2,184,False,,0,,0,,66,,,,,0,0,0,
34525,1867,6237,8,3,184,False,,0,,0,,66,,,,,0,0,0,
34526,1867,6237,8,4,184,False,,0,,0,,66,,,,,0,0,0,
34546,1867,32447,0,188,184,False,,0,,0,,66,,,,,0,0,0,
34547,1867,32447,0,189,184,False,,0,,0,,66,,,,,0,0,0,
34548,1867,32447,0,190,184,False,,0,,0,,66,,,,,0,0,0,
34549,1867,32447,0,191,184,False,,0,,0,,66,,,,,0,0,0,
34598,1867,31235,6,6,184,False,,0,,0,,66,,,,,0,0,0,
34640,1867,3736,7,8,184,False,,0,,0,,66,,,,,0,0,0,
34642,1867,3736,7,9,184,False,,0,,0,,66,,,,,0,0,0,
34710,1867,3148,6,0,184,False,,0,,0,,66,,,,,0,0,0,
34711,1867,3148,6,1,184,False,,0,,0,,66,,,,,0,0,0,
34722,1867,34723,6,0,184,False,,0,,0,,66,,,,,0,0,0,
34763,1867,3736,7,10,184,False,,0,,0,,66,,,,,0,0,0,
34764,1867,3736,7,11,184,False,,0,,0,,66,,,,,0,0,0,
34765,1867,3736,7,12,184,False,,0,,0,,66,,,,,0,0,0,
34766,1867,3736,7,13,184,False,,0,,0,,66,,,,,0,0,0,
34767,1867,3736,7,14,184,False,,0,,0,,66,,,,,0,0,0,
34965,1867,3021,0,412,184,False,,0,,0,,66,,,,,0,0,0,
34975,1867,3171,0,1278,184,False,,0,,0,,66,,,,,0,0,0,
34976,1867,46545,0,0,184,False,,0,,0,,66,,,,,0,0,0,
35050,1867,38463,0,16,184,False,,0,,0,,66,,,,,0,0,0,
35063,1867,3275,5,1368,184,False,,0,,0,,66,,,,,0,0,0,
35070,1867,2905,7,887,184,False,,0,,0,,66,,,,,0,0,0,
35071,1867,2905,7,888,184,False,,0,,0,,66,,,,,0,0,0,
35162,1867,6170,0,12,184,False,,0,,0,,66,,,,,0,0,0,
35176,1867,35663,0,21,184,False,,0,,0,,66,,,,,0,0,0,
35195,1867,39543,0,10,184,False,,0,,0,,66,,,,,0,0,0,
35236,1867,3149,6,0,184,False,,0,,0,,66,,,,,0,0,0,
35237,1867,3148,6,2,184,False,,0,,0,,66,,,,,0,0,0,
35238,1867,3150,6,0,184,False,,0,,0,,66,,,,,0,0,0,
35239,1867,3149,6,3,184,False,,0,,0,,66,,,,,0,0,0,
35240,1867,3149,6,4,184,False,,0,,0,,66,,,,,0,0,0,
35241,1867,3149,6,5,184,False,,0,,0,,66,,,,,0,0,0,
35242,1867,3149,6,6,184,False,,0,,0,,66,,,,,0,0,0,
35243,1867,3149,6,1,184,False,,0,,0,,66,,,,,0,0,0,
35248,1867,2567,7,350,184,False,,0,,0,,66,,,,,0,0,0,
35249,1867,2567,7,346,184,False,,0,,0,,66,,,,,0,0,0,
35308,1867,36577,6,4,184,False,,0,,0,,66,,,,,0,0,0,
35309,1867,2772,6,231,184,False,,0,,0,,66,,,,,0,0,0,
35310,1867,2772,6,232,184,False,,0,,0,,66,,,,,0,0,0,
35312,1867,36975,6,1,184,False,,0,,0,,66,,,,,0,0,0,
35332,1867,50176,0,0,184,False,,0,,0,,66,,,,,0,0,0,
35347,1867,41087,0,3,184,False,,0,,0,,66,,,,,0,0,0,
35440,1867,3185,0,1302,184,False,,0,,0,,66,,,,,0,0,0,
35456,1867,35663,0,22,184,False,,0,,0,,66,,,,,0,0,0,
35457,1867,3275,5,1364,184,False,,0,,0,,66,,,,,0,0,0,
35458,1867,3275,5,1365,184,False,,0,,0,,66,,,,,0,0,0,
35460,1867,3275,5,1361,184,False,,0,,0,,66,,,,,0,0,0,
35461,1867,3275,5,1362,184,False,,0,,0,,66,,,,,0,0,0,
35462,1867,3275,5,1363,184,False,,0,,0,,66,,,,,0,0,0,
35480,1867,38463,0,11,184,False,,0,,0,,66,,,,,0,0,0,
35482,1867,38463,0,12,184,False,A49.3,0,,0,,66,,,,,0,0,0,
35486,1867,2639,0,0,184,False,,0,,0,,66,,,,,0,0,0,
35544,1867,50174,0,1,184,False,,0,,0,,66,,,,,0,0,0,
35545,1867,50176,0,1,184,False,,0,,0,,66,,,,,0,0,0,
35559,1867,46703,0,3,184,False,,0,,0,,66,,,,,0,0,0,
35596,1867,49482,0,2,184,False,,0,,0,,66,,,,,0,0,0,
35677,1867,38009,5,0,184,False,,0,,0,,66,,,,,0,0,0,
35843,1867,46703,0,5,184,False,,0,,0,,66,,,,,0,0,0,
35898,1867,35663,0,25,184,False,,0,,0,,66,,,,,0,0,0,
35933,1867,41087,0,2,184,False,,0,,0,,66,,,,,0,0,0,
35934,1867,38736,0,3,184,False,,0,,0,,66,,,,,0,0,0,
35966,1867,41087,0,1,184,False,,0,,0,,66,,,,,0,0,0,
35969,1867,36716,0,10,184,False,,0,,0,,66,,,,,0,0,0,
36032,1867,7836,0,2,184,False,,0,,0,,66,,,,,0,0,0,
36246,1867,5805,0,3535,184,False,,0,,0,,66,,,,,0,0,0,
36247,1867,5805,0,3536,184,False,,0,,0,,66,,,,,0,0,0,
36268,1867,5805,0,3537,184,False,,0,,0,,66,,,,,0,0,0,
36286,1867,5805,0,3538,184,False,,0,,0,,66,,,,,0,0,0,
36294,1867,5805,0,3539,184,False,,0,,0,,66,,,,,0,0,0,
36297,1867,5805,0,3540,184,False,,0,,0,,66,,,,,0,0,0,
36416,1867,49488,0,4,184,False,,0,,0,,66,,,,,0,0,0,
36466,1867,6081,0,1,184,False,,0,,0,,66,,,,,0,0,0,
36467,1867,6081,0,2,184,False,,0,,0,,66,,,,,0,0,0,
36468,1867,6081,0,3,184,False,,0,,0,,66,,,,,0,0,0,
36469,1867,6081,0,4,184,False,,0,,0,,66,,,,,0,0,0,
36470,1867,6081,0,5,184,False,,0,,0,,66,,,,,0,0,0,
36471,1867,6081,0,6,184,False,,0,,0,,66,,,,,0,0,0,
36472,1867,6081,0,7,184,False,,0,,0,,66,,,,,0,0,0,
36473,1867,6081,0,8,184,False,,0,,0,,66,,,,,0,0,0,
36474,1867,6081,0,9,184,False,,0,,0,,66,,,,,0,0,0,
36575,1867,2772,0,243,184,False,,0,,0,,66,,,,,0,0,0,
36576,1867,2772,6,233,184,False,,0,,0,,66,,,,,0,0,0,
36577,1867,2772,6,223,184,False,,0,,0,,66,,,,,0,0,0,
36578,1867,36577,6,3,184,False,,0,,0,,66,,,,,0,0,0,
36579,1867,36577,6,2,184,False,,0,,0,,66,,,,,0,0,0,
36580,1867,36577,6,1,184,False,,0,,0,,66,,,,,0,0,0,
36581,1867,36577,6,0,184,False,,0,,0,,66,,,,,0,0,0,
36582,1867,2772,6,240,184,False,,0,,0,,66,,,,,0,0,0,
36604,1867,2656,2,6,184,False,,0,,0,,66,,,,,0,0,0,
36605,1867,2656,2,5,184,False,,0,,0,,66,,,,,0,0,0,
36606,1867,2656,2,4,184,False,,0,,0,,66,,,,,0,0,0,
36607,1867,2656,2,7,184,False,,0,,0,,66,,,,,0,0,0,
36608,1867,2656,2,3,184,False,,0,,0,,66,,,,,0,0,0,
36609,1867,2656,2,9,184,False,,0,,0,,66,,,,,0,0,0,
36610,1867,2656,2,10,184,False,,0,,0,,66,,,,,0,0,0,
36612,1867,2656,2,12,184,False,,0,,0,,66,,,,,0,0,0,
36613,1867,2656,2,13,184,False,,0,,0,,66,,,,,0,0,0,
36614,1867,2656,2,14,184,False,,0,,0,,66,,,,,0,0,0,
36632,1867,2553,2,4,184,False,,0,,0,,66,,,,,0,0,0,
36633,1867,2553,2,5,184,False,,0,,0,,66,,,,,0,0,0,
36642,1867,3129,0,6,184,False,,0,,0,,66,,,,,0,0,0,
36680,1867,38463,0,15,184,False,,0,,0,,66,,,,,0,0,0,
36695,1867,35663,0,27,184,False,B83.3,0,,0,,66,,,,,0,0,0,
36718,1867,35663,0,30,184,False,,0,,0,,66,,,,,0,0,0,
36792,1867,2510,6,3,184,False,,0,,0,,66,,,,,0,0,0,
36810,1867,2733,0,208,184,False,,0,,0,,66,,,,,0,0,0,
36836,1867,3224,0,1327,184,False,,0,,0,,66,,,,,0,0,0,
36892,1867,35663,0,33,184,False,,0,,0,,66,,,,,0,0,0,
36897,1867,50172,0,4,184,False,,0,,0,,66,,,,,0,0,0,
36901,1867,35663,0,32,184,False,,0,,0,,66,,,,,0,0,0,
36908,1867,2416,3,1,184,False,,0,,0,,66,,,,,0,0,0,
36909,1867,2416,3,2,184,False,,0,,0,,66,,,,,0,0,0,
36910,1867,2416,3,3,184,False,,0,,0,,66,,,,,0,0,0,
36914,1867,35663,0,34,184,False,,0,,0,,66,,,,,0,0,0,
36921,1867,35663,0,35,184,False,,0,,0,,66,,,,,0,0,0,
36943,1867,6032,0,1,184,False,,0,,0,,66,,,,,0,0,0,
36963,1867,3428,0,576,184,False,,0,,0,,66,,,,,0,0,0,
36964,1867,3428,0,575,184,False,,0,,0,,66,,,,,0,0,0,
36973,1867,38966,6,0,184,False,,0,,0,,66,,,,,0,0,0,
36974,1867,2478,6,15,184,False,,0,,0,,66,,,,,0,0,0,
36976,1867,36975,6,4,184,False,,0,,0,,66,,,,,0,0,0,
36977,1867,36975,6,0,184,False,,0,,0,,66,,,,,0,0,0,
36984,1867,40328,6,5,184,False,,0,,0,,66,,,,,0,0,0,
36987,1867,38966,6,1,184,False,,0,,0,,66,"0,5",,,"0,5",0,0,0,
36988,1867,2478,6,14,184,False,,0,,0,,66,,,,,0,0,0,
36992,1867,2530,7,275,184,False,,0,,0,,66,,,,,0,0,0,
36993,1867,2530,7,277,184,False,,0,,0,,66,,,,,0,0,0,
36994,1867,2530,7,278,184,False,,0,,0,,66,,,,,0,0,0,
36995,1867,2530,7,279,184,False,,0,,0,,66,,,,,0,0,0,
36996,1867,2533,7,1,184,False,,0,,0,,66,,,,,0,0,0,
36997,1867,2533,7,0,184,False,,0,,0,,66,,,,,0,0,0,
37009,1867,35663,0,40,184,False,,0,,0,,66,,,,,0,0,0,
37010,1867,3185,0,1304,184,False,,0,,0,,66,,,,,0,0,0,
37050,1867,7836,0,1,184,False,,0,,0,,66,,,,,0,0,0,
37051,1867,50172,0,5,184,False,,0,,0,,66,,,,,0,0,0,
37076,1867,6151,0,0,184,False,,0,,0,,66,,,,,0,0,0,
37081,1867,3185,0,1305,184,False,,0,,0,,66,,,,,0,0,0,
37101,1867,2412,7,11,184,False,,0,,0,,66,,,,,0,0,0,
37138,1867,50172,0,6,184,False,,0,,0,,66,,,,,0,0,0,
37169,6,1959,0,75,184,False,,0,,0,,66,,,,,0,0,0,
37170,1867,2522,7,253,184,False,,0,,0,,66,,,,,0,0,0,
37171,1867,2522,7,257,184,False,,0,,0,,66,,,,,0,0,0,
37172,1867,2525,7,1,184,False,,0,,0,,66,,,,,0,0,0,
37173,1867,2525,7,0,184,False,,0,,0,,66,,,,,0,0,0,
37174,1867,2522,7,254,184,False,,0,,0,,66,,,,,0,0,0,
37257,1867,6170,8,6,184,False,,0,,0,,66,,,,,0,0,0,
37258,1867,6170,8,7,184,False,,0,,0,,66,,,,,0,0,0,
37259,1867,6170,8,8,184,False,,0,,0,,66,,,,,0,0,0,
37260,1867,6170,8,9,184,False,,0,,0,,66,,,,,0,0,0,
37444,1867,3185,0,1307,184,False,,0,,0,,66,,,,,0,0,0,
37445,1867,50172,0,1,184,False,,0,,0,,66,,,,,0,0,0,
37446,1867,49482,0,4,184,False,,0,,0,,66,,,,,0,0,0,
37656,1867,3337,4,4,184,False,,0,,0,,66,,,,,0,0,0,False
37677,1867,9267,4,6381,184,False,,0,,0,,66,,,,,0,0,0,False
37678,1867,35663,3,11,184,False,,0,,0,,66,,,,,0,0,0,False
37724,1867,6240,6,3,184,False,,0,,0,,18,"0,62125",,,"0,5",0,0,0,False
37814,1867,19738,4,3,184,False,,0,,0,,18,"0,66",,,"0,5",0,0,0,False
37980,1867,32452,7,41,184,False,,0,,0,,18,"0,82",,,"0,5",0,0,0,False
38220,1867,38219,6,5,184,False,,0,,0,,66,,,,,0,0,0,False
38221,1867,38220,7,3,184,False,,0,,0,,66,,,,,0,0,0,False
38222,1867,38220,7,4,184,False,,0,,0,,66,,,,,0,0,0,False
38223,1867,38220,7,5,184,False,,0,,0,,66,,,,,0,0,0,False
38224,1867,38220,7,6,184,False,,0,,0,,66,,,,,0,0,0,False
38360,1867,5661,5,3423,184,False,,0,,0,,66,,,,,0,0,0,False
38363,1867,1992,6,6,184,False,I42.1,0,,0,,18,"0,8175",,,"0,5",0,0,0,False
38460,1867,2927,5,1,184,False,,0,,0,,0,,,,,0,0,0,False
38461,1867,2927,5,0,184,False,,0,,0,,0,,,,,0,0,0,False
38509,1867,2895,6,874,184,False,,0,,0,,18,"0,82",,,"0,5",0,0,0,False
38757,1867,2879,6,853,184,False,,0,,0,,66,"0,82",,,"0,5",0,0,0,
38758,1867,2895,6,875,184,False,,0,,0,,66,,,,,0,0,0,
38759,1867,38757,7,852,184,False,,0,,0,,66,"0,66",,,"0,5",0,0,0,
38760,1867,38757,7,853,184,False,,0,,0,,66,,,,,0,0,0,
38768,1867,40329,5,1,184,False,,0,,0,,18,"0,82",,,"0,5",0,0,0,
38919,1867,6170,7,3,184,False,,0,,0,,18,"0,82",,,"0,5",0,0,0,
39187,11,47146,6,2,184,False,,0,,0,,18,"0,82",,,"0,5",0,0,0,
39414,1867,40328,7,7,184,False,,0,,0,,18,"0,82",,,"0,5",0,0,0,
39501,1867,142,3,3,184,False,,0,,0,,0,"0,82",,,"0,5",0,0,0,False
39569,1867,40328,7,8,184,False,,0,,0,,18,"0,82",,,"0,5",0,0,0,
39598,1867,40328,7,9,184,False,,0,,0,,18,"0,82",,,"0,5",0,0,0,
40079,6,2396,2,800,184,False,,0,,0,,66,,,,,0,0,0,
40214,1867,7674,6,5066,184,False,,0,,0,,66,,,,,0,0,0,
40328,1867,2478,5,0,184,False,,0,,0,,0,"0,82",,,"0,5",0,0,0,False
40426,1867,40424,6,1,184,False,A19,0,,0,,0,,,,,0,0,0,False
41230,1867,6171,5,3812,184,False,,0,,0,,0,"0,82",,,"0,5",0,0,0,False
41233,1867,5887,6,1,184,False,,0,,0,,0,,,,,0,0,0,False
41234,1867,5887,6,2,184,False,,0,,0,,0,,,,,0,0,0,False
41500,1867,41609,1,1,184,False,,0,,0,,0,,,,,0,0,0,False
42178,1867,2758,0,2,184,False,,0,,0,,66,,,,,0,0,0,
42256,1867,3704,4,0,184,False,,0,,0,,0,,,,,0,0,0,False
42567,1867,50657,1,3,184,False,A35,0,,0,,0,,,,,0,0,0,False
42573,1867,42567,0,1,184,False,,0,,0,,66,,,,,0,0,0,
42574,1867,42567,0,2,184,False,,0,,0,,66,,,,,0,0,0,
42575,1867,42567,1,3,184,False,,0,,0,,66,,,,,0,0,0,
42576,1867,42567,1,4,184,False,,0,,0,,66,,,,,0,0,0,
42577,1867,42567,1,5,184,False,,0,,0,,66,,,,,0,0,0,
42578,1867,42567,1,6,184,False,,0,,0,,66,,,,,0,0,0,
42579,1867,42567,1,7,184,False,,0,,0,,66,,,,,0,0,0,
42580,1867,42567,1,8,184,False,,0,,0,,66,,,,,0,0,0,
42581,1867,42567,1,9,184,False,,0,,0,,66,,,,,0,0,0,
42664,1867,6146,5,3794,184,False,,0,,0,,0,,,,,0,0,0,False
42864,1867,33968,0,1,184,False,B54,0,,0,,66,,,,,0,0,0,
42865,1867,42864,1,822,184,False,,0,,0,,66,,,,,0,0,0,
42866,1867,42864,1,823,184,False,,0,,0,,66,,,,,0,0,0,
42867,1867,42864,1,824,184,False,,0,,0,,66,,,,,0,0,0,
42868,1867,42864,1,825,184,False,,0,,0,,66,,,,,0,0,0,
42869,1867,42864,1,826,184,False,,0,,0,,66,,,,,0,0,0,
42870,1867,42864,1,827,184,False,,0,,0,,66,,,,,0,0,0,
42871,1867,42864,1,828,184,False,,0,,0,,66,,,,,0,0,0,
42873,1867,42879,1,0,184,False,,0,,0,,66,,,,,0,0,0,
42874,1867,42864,1,831,184,False,,0,,0,,66,,,,,0,0,0,
42875,1867,42864,1,832,184,False,,0,,0,,66,,,,,0,0,0,
42876,1867,42864,1,833,184,False,,0,,0,,66,,,,,0,0,0,
42877,1867,3134,1,0,184,False,,0,,0,,66,,,,,0,0,0,
42878,1867,42877,1,0,184,False,,0,,0,,66,,,,,0,0,0,
42879,1867,3130,1,0,184,False,,0,,0,,66,,,,,0,0,0,
42880,1867,3138,1,0,184,False,,0,,0,,66,,,,,0,0,0,
43711,1867,43647,0,2,184,False,,0,,0,,66,,,,,0,0,0,
44377,1867,30598,0,22,184,False,,0,,0,,66,,,,,0,0,0,
44520,1867,4443,0,1,184,False,,0,,0,,66,,,,,0,0,0,
44521,1867,4443,0,3,184,False,,0,,0,,66,,,,,0,0,0,
44525,1867,4448,0,4,184,False,B38.4,0,,0,,66,,,,,0,0,0,
44526,1867,4443,0,4,184,False,,0,,0,,66,,,,,0,0,0,
44527,1867,2594,0,1,184,False,,0,,0,,66,,,,,0,0,0,
44529,1867,35482,0,1,184,False,,0,,0,,66,,,,,0,0,0,
44541,1867,4443,0,9,184,False,,0,,0,,66,,,,,0,0,0,
44583,1867,39196,0,1,184,False,,0,,0,,66,"0,82",,,"0,5",0,0,0,
44590,1867,2500,0,188,184,False,,0,,0,,66,,,,,0,0,0,
44603,1867,43000,0,8,184,False,,0,,0,,66,,,,,0,0,0,
44604,1867,37342,0,61,184,False,,0,,0,,66,,,,,0,0,0,
44605,1867,37342,0,60,184,False,,0,,0,,66,,,,,0,0,0,
44636,1867,2793,0,0,184,False,,0,,0,,66,,,,,0,0,0,
44666,1867,3538,3,8,184,False,E66,0,,0,,0,,,,,0,0,0,False
44679,1867,41963,5,3,184,False,,0,,0,,0,,,,,0,0,0,False
45982,1867,5825,5,2,184,False,J18.0,0,,0,,0,,,,,0,0,0,False
46007,1867,2665,6,0,184,False,A41.1,0,,0,,0,,,,,0,0,0,False
48038,1867,32605,0,1,184,False,,0,,0,,66,,,,,0,0,0,
48422,1867,30604,0,19,184,False,,0,,0,,66,,,,,0,0,0,
48423,1867,43647,0,51,184,True,,0,,0,,66,,,,,0,0,0,
48650,1867,35663,0,39,184,False,,0,,0,,0,,,,,0,0,0,False
48715,1867,34073,0,3,184,False,,0,,0,,66,,,,,0,0,0,
48717,1867,34073,0,7,184,False,,0,,0,,66,,,,,0,0,0,
48720,1867,34073,0,13,184,False,,0,,0,,66,,,,,0,0,0,
48916,1867,3023,0,3,184,False,,0,,0,,66,,,,,0,0,0,
48932,1867,48906,0,3,184,False,,0,,0,,66,,,,,0,0,0,
48934,1867,37362,0,3,184,False,,0,,0,,66,,,,,0,0,0,
48935,1867,37362,0,5,184,False,,0,,0,,66,,,,,0,0,0,
48936,1867,37362,0,7,184,False,,0,,0,,66,,,,,0,0,0,
48938,1867,48937,0,1,184,False,,0,,0,,66,,,,,0,0,0,
48939,1867,48937,0,3,184,False,,0,,0,,66,,,,,0,0,0,
48940,1867,42050,0,1,184,False,,0,,0,,66,,,,,0,0,0,
48941,1867,48937,0,7,184,False,L42,0,,0,,66,,,,,0,0,0,
48944,1867,48937,0,13,184,False,,0,,0,,66,,,,,0,0,0,
48945,1867,48937,0,15,184,False,,0,,0,,66,,,,,0,0,0,
48949,1867,36156,0,1,184,False,,0,,0,,66,,,,,0,0,0,
49034,1867,5515,0,2,184,False,,0,,0,,66,,,,,0,0,0,
49035,1867,5516,0,5,184,False,,0,,0,,66,,,,,0,0,0,
49036,1867,5516,0,7,184,False,,0,,0,,66,,,,,0,0,0,
49037,1867,5516,0,9,184,False,,0,,0,,66,,,,,0,0,0,
49038,1867,5515,0,1,184,False,,0,,0,,66,,,,,0,0,0,
49216,1867,41322,0,19,184,False,,0,,0,,66,,,,,0,0,0,
49484,1867,49482,5,0,184,False,,0,,0,,0,,,,,0,0,0,False
49703,1867,6061,1,1,184,False,,0,,0,,66,,,,,0,0,0,
49704,1867,6061,1,2,184,False,,0,,0,,66,,,,,0,0,0,
49705,1867,6061,1,3,184,False,,0,,0,,66,,,,,0,0,0,
49706,1867,6061,1,4,184,False,,0,,0,,66,,,,,0,0,0,
49707,1867,6061,1,5,184,False,,0,,0,,66,,,,,0,0,0,
49708,1867,6061,1,6,184,False,,0,,0,,66,,,,,0,0,0,
49709,1867,6061,1,7,184,False,,0,,0,,66,,,,,0,0,0,
49710,1867,6061,1,8,184,False,,0,,0,,66,,,,,0,0,0,
49711,1867,6061,1,9,184,False,,0,,0,,66,,,,,0,0,0,
49712,1867,6061,1,10,184,False,,0,,0,,66,,,,,0,0,0,
49713,1867,6061,1,11,184,False,,0,,0,,66,,,,,0,0,0,
49714,1867,6061,1,12,184,False,,0,,0,,66,,,,,0,0,0,
49715,1867,6061,1,13,184,False,,0,,0,,66,,,,,0,0,0,
49801,1867,3224,0,2,184,False,,0,,0,,66,,,,,0,0,0,
49861,1867,30504,0,10,184,False,,0,,0,,66,,,,,0,0,0,
49951,1867,6761,0,1318,184,False,,0,,0,,66,,,,,0,0,0,
49952,1867,32608,0,1,184,False,,0,,0,,66,,,,,0,0,0,
49953,1867,6830,0,4351,184,False,,0,,0,,66,,,,,0,0,0,
49954,1867,7497,0,1,184,False,,0,,0,,66,,,,,0,0,0,
49955,1867,9504,0,6591,184,False,,0,,0,,66,,,,,0,0,0,
49956,1867,9555,0,1724,184,False,,0,,0,,66,,,,,0,0,0,
49957,1867,9570,0,6651,184,False,,0,,0,,66,,,,,0,0,0,
50132,1867,35663,0,15,184,False,,0,,0,,66,,,,,0,0,0,
50133,1867,35663,0,24,184,False,,0,,0,,66,,,,,0,0,0,
50136,1867,3178,0,1287,184,False,,0,,0,,66,,,,,0,0,0,
50202,1867,36642,0,1,184,False,,0,,0,,66,,,,,0,0,0,
50203,1867,36642,0,3,184,False,,0,,0,,66,,,,,0,0,0,
50222,6,2312,0,583,184,False,,0,,0,,66,,,,,0,0,0,
50225,1867,8979,0,605,184,False,,0,,0,,66,,,,,0,0,0,
50226,1867,7875,0,5225,184,False,,0,,0,,66,,,,,0,0,0,
50619,1867,34244,0,1,184,False,,0,,0,,66,,,,,0,0,0,
50642,1867,2470,5,0,184,False,A08.0,0,,0,,0,,,,,0,0,0,False
50647,1867,9257,0,6375,184,False,,0,,0,,66,,,,,0,0,0,
50648,1867,9267,0,6383,184,False,,0,,0,,66,,,,,0,0,0,
50665,1867,4916,0,6,184,False,,0,,0,,66,,,,,0,0,0,
50715,7,1212,0,1,184,False,,0,,0,,66,,,,,0,0,0,
50722,1867,30744,0,84,184,False,,0,,0,,66,,,,,0,0,0,
50736,1867,3259,0,1344,184,False,,0,,0,,66,,,,,0,0,0,
50739,1867,45452,0,8,184,False,,0,,0,,66,,,,,0,0,0,
50741,1867,33238,0,1,184,False,,0,,0,,66,,,,,0,0,0,
50761,1867,9018,0,6164,184,False,,0,,0,,66,,,,,0,0,0,
50762,1867,8979,0,607,184,False,,0,,0,,66,,,,,0,0,0,
50767,1867,4987,0,1027,184,False,,0,,0,,66,,,,,0,0,0,
50768,6,40086,0,7,184,False,,0,,0,,66,,,,,0,0,0,
50774,1867,19735,0,26,184,False,,0,,0,,66,,,,,0,0,0,
50775,1867,9420,0,1721,184,False,,0,,0,,66,,,,,0,0,0,
50776,1867,4308,0,2334,184,False,,0,,0,,66,,,,,0,0,0,
50781,1867,5119,0,2985,184,False,,0,,0,,66,,,,,0,0,0,
50783,1867,8981,0,6137,184,False,,0,,0,,66,,,,,0,0,0,
50784,1867,8981,0,6142,184,False,,0,,0,,66,,,,,0,0,0,
50785,1867,8981,0,6141,184,False,,0,,0,,66,,,,,0,0,0,
50786,1867,8981,0,6140,184,False,,0,,0,,66,,,,,0,0,0,
50787,1867,8981,0,6139,184,False,,0,,0,,66,,,,,0,0,0,
50789,1867,19735,0,28,184,False,,0,,0,,66,,,,,0,0,0,
50790,1867,45463,0,14,184,False,,0,,0,,66,,,,,0,0,0,
50791,1867,33238,0,3,184,False,,0,,0,,66,,,,,0,0,0,
50792,1867,33238,0,5,184,False,,0,,0,,66,,,,,0,0,0,
50793,1867,33238,0,7,184,False,,0,,0,,66,,,,,0,0,0,
50794,1867,33238,0,9,184,False,,0,,0,,66,,,,,0,0,0,
50795,1867,33238,0,11,184,False,,0,,0,,66,,,,,0,0,0,
50796,1867,33238,0,13,184,False,,0,,0,,66,,,,,0,0,0,
50797,1867,33238,0,15,184,False,,0,,0,,66,,,,,0,0,0,
50798,1867,33238,0,17,184,False,,0,,0,,66,,,,,0,0,0,
50799,1867,33238,0,19,184,False,,0,,0,,66,,,,,0,0,0,
50800,1867,33238,0,21,184,False,,0,,0,,66,,,,,0,0,0,
50801,1867,33238,0,23,184,False,,0,,0,,66,,,,,0,0,0,
50804,6,1918,0,67,184,False,,0,,0,,66,,,,,0,0,0,
50917,1867,37716,0,101,184,False,,0,,0,,66,,,,,0,0,0,
50932,1867,3525,0,1700,184,False,,0,,0,,66,,,,,0,0,0,
50934,1867,16120,0,1,184,False,,0,,0,,66,,,,,0,0,0,
50935,1867,4258,0,2301,184,False,,0,,0,,66,,,,,0,0,0,
50936,1867,4318,0,2339,184,False,,0,,0,,66,,,,,0,0,0,
50941,1867,5113,0,1,184,False,,0,,0,,66,,,,,0,0,0,
50945,1867,5113,0,3,184,False,,0,,0,,66,,,,,0,0,0,
50955,1867,5099,0,1,184,False,,0,,0,,66,,,,,0,0,0,
50956,1867,9206,0,6332,184,False,,0,,0,,66,,,,,0,0,0,
50959,1867,16082,0,1,184,False,,0,,0,,66,,,,,0,0,0,
50969,1867,9420,0,1706,184,False,,0,,0,,66,,,,,0,0,0,
51060,1867,9420,0,1723,184,True,,0,,0,,66,,,,,0,0,0,
51061,1867,37502,0,1,184,False,,0,,0,,66,,,,,0,0,0,
51062,1867,37502,0,3,184,False,,0,,0,,66,,,,,0,0,0,
51100,1867,2878,0,307,184,False,,0,,0,,66,,,,,0,0,0,
51141,1867,4926,0,2832,184,False,,0,,0,,66,,,,,0,0,0,
51144,1867,32447,0,200,184,False,,0,,0,,66,,,,,0,0,0,
51145,1867,9420,0,1725,184,False,,0,,0,,66,,,,,0,0,0,
51393,1867,51395,0,0,184,False,,0,,0,,66,,,,,0,0,0,
51484,1867,51481,3,2,184,False,G60.1,0,,0,,0,,,,,0,0,0,False
51544,1867,43647,0,74,184,False,,0,,0,,66,,,,,0,0,0,
51571,1867,43647,0,84,184,False,,0,,0,,66,,,,,0,0,0,
52396,6,2381,0,663,184,False,,0,,0,,66,,,,,0,0,0,
52778,1867,52777,0,937,184,False,,0,,0,,66,,,,,0,0,0,
53068,1867,30598,0,24,184,False,,0,,0,,66,,,,,0,0,0,
31733,1867,19738,4,1,184,False,J18.9,25,1609,6,66,0,,,,,0,0,0,
41092,1867,5217,6,3057,184,False,,25,1609,6,434,0,,,,,0,0,0,False
5250,1867,5249,5,3077,184,True,H83.0,25,1609,6,437,0,,,,,0,0,0,False
37429,1867,5186,5,3034,184,False,,25,1609,6,2593,66,,,,,0,0,0,
33607,1867,6032,3,3,184,False,,25,1609,6,2639,66,,,,,0,0,0,
32993,1867,5204,0,3050,184,False,,25,1609,16,1944,66,,,,,0,0,0,
46703,1867,5204,5,0,184,False,H70.9,25,1609,16,1945,0,,,,,0,0,0,False
7757,1867,45402,5,1,184,True,N30,25,1609,20,826,0,,,,,0,0,0,False
35404,1867,5186,0,3035,184,False,,25,1609,20,1132,66,,,,,0,0,0,
2460,1867,48747,6,0,184,True,A06.7,25,2452,20,1,0,,,,,0,0,0,False
2458,1867,2459,6,1,184,True,A06.5,25,2459,6,66,0,,,,,0,0,0,False
2457,1867,2459,6,2,184,True,A06.4,25,2459,6,119,0,,,,,0,0,0,False
46149,1867,2459,6,0,184,False,,25,2459,167,2818,0,,,,,0,0,0,False
2512,1867,2505,6,210,184,True,A18.6,25,2478,6,51,0,,,,,0,0,0,False
41200,1867,2505,6,217,184,False,,25,2478,6,61,0,,,,,0,0,0,False
2513,1867,2505,6,213,184,True,A18.7,25,2478,6,161,0,,,,,0,0,0,False
2511,1867,2505,6,207,184,True,A18.5,25,2478,6,384,0,,,,,0,0,0,False
44249,1867,2507,7,0,184,False,,25,2478,6,847,0,,,,,0,0,0,False
36975,1867,2510,6,4,184,False,,25,2478,20,1,66,,,,,0,0,0,
2525,1867,2522,6,240,184,True,A20.2,25,2522,6,66,0,,,,,0,0,0,False
2533,1867,2530,6,261,184,True,A21.2,25,2530,6,66,0,,,,,0,0,0,False
2541,1867,2538,6,282,184,True,A22.2,25,2538,2,40,0,,,,,0,0,0,False
2540,1867,2538,6,279,184,True,A22.1,25,2538,6,66,0,,,,,0,0,0,False
2539,1867,2538,6,276,184,True,A22.0,25,2538,20,1,0,,,,,0,0,0,False
36629,1867,2553,2,1,184,False,,25,2553,2,35,66,,,,,0,0,0,
36631,1867,2553,2,3,184,False,,25,2553,6,66,66,,,,,0,0,0,
36630,1867,2553,2,2,184,False,,25,2553,20,1,66,,,,,0,0,0,
2563,1867,2562,6,337,184,True,A26.0,25,2562,20,1,0,,,,,0,0,0,False
2593,1867,2592,6,385,184,True,A32.0,25,2592,20,1,0,,,,,0,0,0,False
2604,1867,2601,6,399,184,True,A36.2,25,2601,6,61,0,,,,,0,0,0,False
2602,1867,2601,6,395,184,True,A36.0,25,2601,6,92,0,,,,,0,0,0,False
2603,1867,2601,6,397,184,True,A36.1,25,2601,6,831,0,,,,,0,0,0,False
2605,1867,2601,6,401,184,True,A36.3,25,2601,20,1,0,,,,,0,0,0,False
32648,1867,2639,7,473,184,False,A42.0,25,2639,6,66,66,,,,,0,0,0,
32643,1867,2639,7,468,184,False,,25,2639,20,1,66,,,,,0,0,0,
2647,1867,2646,6,469,184,True,A43.0,25,2646,6,66,0,,,,,0,0,0,False
2648,1867,2646,6,471,184,True,A43.1,25,2646,20,1,0,,,,,0,0,0,False
3041,1867,34719,5,1,184,True,B37.1,25,3039,6,66,0,,,,,0,0,0,False
34723,1867,3042,6,1,184,False,,25,3039,20,1,66,,,,,0,0,0,
34725,1867,3042,6,0,184,False,,25,3039,20,11,66,,,,,0,0,0,
3053,1867,3050,5,1112,184,True,B38.2,25,3050,6,66,0,,,,,0,0,0,False
3054,1867,3050,5,1114,184,True,B38.3,25,3050,20,1,0,,,,,0,0,0,False
3062,1867,3059,5,1128,184,True,B39.2,25,3059,6,66,0,,,,,0,0,0,False
34138,1867,40337,6,0,184,False,,25,3059,20,1,66,,,,,0,0,0,
33368,1867,3067,6,1145,184,False,B40.2,25,3067,6,66,66,,,,,0,0,0,
3071,1867,3067,5,1144,184,True,B40.3,25,3067,20,1,0,,,,,0,0,0,False
3076,1867,3075,5,1152,184,True,B41.0,25,3075,6,66,0,,,,,0,0,0,False
3081,1867,3080,5,1160,184,True,B42.0,25,3080,6,66,0,,,,,0,0,0,False
33082,1867,33075,6,0,184,False,B44.1,25,3092,6,66,66,,,,,0,0,0,
3095,1867,3092,5,1184,184,True,B44.2,25,3092,6,89,0,,,,,0,0,0,False
33076,1867,3092,6,1194,184,False,,25,3092,20,1,66,,,,,0,0,0,
3101,1867,38728,5,3,184,True,B45.1,25,3099,2,24,0,,,,,0,0,0,False
3100,1867,3099,5,1192,184,True,B45.0,25,3099,6,66,0,,,,,0,0,0,False
3103,1867,40334,5,1,184,True,B45.3,25,3099,16,504,0,,,,,0,0,0,False
3102,1867,40334,5,0,184,True,B45.2,25,3099,20,1,0,,,,,0,0,0,False
3108,1867,3107,5,1206,184,True,B46.0,25,3107,6,66,0,,,,,0,0,0,False
3111,1867,3107,5,1212,184,True,B46.3,25,3107,20,1,0,,,,,0,0,0,False
3149,1867,3147,5,1257,184,True,B55.1,25,3147,20,1,0,,,,,0,0,0,False
3167,1867,3163,5,1272,184,True,B58.3,25,3163,6,66,0,,,,,0,0,0,False
35346,1867,3178,0,1285,184,False,,25,3178,6,108,66,,,,,0,0,0,
3243,1867,3242,4,1330,184,True,B78.0,25,3242,6,108,0,,,,,0,0,0,False
3244,1867,3242,4,1331,184,True,B78.1,25,3242,20,1,0,,,,,0,0,0,False
3280,1867,3275,4,1359,184,True,B87.4,25,3275,6,51,0,,,,,0,0,0,False
35459,1867,3275,5,1358,184,False,,25,3275,6,108,66,,,,,0,0,0,
3278,1867,3275,4,1356,184,True,B87.2,25,3275,6,384,0,,,,,0,0,0,False
3279,1867,3275,4,1357,184,True,B87.3,25,3275,6,831,0,,,,,0,0,0,False
3276,1867,3275,4,1354,184,True,B87.0,25,3275,20,1,0,,,,,0,0,0,False
3526,1867,42218,4,0,184,True,D86.0,25,3525,6,66,0,,,,,0,0,0,False
5388,1867,5356,5,1086,184,True,I25,25,5356,25,19221,0,,,,,0,0,0,False
41008,,,,0,184,False,,25,5763,25,12346,0,1,,,,0,0,0,False
41010,,,,0,184,False,,25,5763,25,12348,0,1,,,,0,0,0,False
41009,,,,0,184,False,,25,5763,25,41002,0,1,,,,0,0,0,False
5771,1867,36716,5,4,184,True,J02.8,25,5769,25,19220,0,1,,,,0,0,0,False
44180,,,,0,184,False,,25,6702,25,19220,0,1,,,,0,0,0,False
44188,,,,0,184,False,,25,6702,25,19220,0,1,,,,0,0,0,False
44190,,,,0,184,False,,25,6702,25,19220,0,1,,,,0,0,0,False
44181,,,,0,184,False,,25,6702,25,19221,0,1,,,,0,0,0,False
44189,,,,0,184,False,,25,6702,25,19221,0,1,,,,0,0,0,False
44191,,,,0,184,False,,25,6702,25,19221,0,1,,,,0,0,0,False
7758,1867,7757,6,5122,184,True,N30.0,25,7757,25,19220,0,,,,,0,0,0,False
5515,1867,14275,9,1,184,True,I47.1,25,14275,6,665,0,,,,,0,0,0,False
32675,6,1611,4,256,184,False,,25,15203,130,24747,66,1,,,,0,0,0,
3576,1867,31235,5,0,184,True,E06.0,25,31235,25,19220,0,,,,,0,0,0,False
3577,1867,31235,5,1,184,True,E06.1,25,31235,25,19222,0,,,,,0,0,0,False
42297,,,,0,184,False,,25,31747,25,19222,0,,,,,0,0,0,
3253,1867,32833,4,1,184,True,B81.3,25,32833,6,108,0,,,,,0,0,0,False
3087,1867,34400,5,0,184,True,B43.0,25,34400,20,1,0,,,,,0,0,0,False
43817,,,,0,184,False,,25,36600,25,19221,0,1,,,,0,0,0,False
38462,1867,38460,6,0,184,False,B17.1,25,38460,25,19220,0,,,,,0,0,0,False
2944,1867,38460,6,2,184,True,B18.2,25,38460,25,19221,0,,,,,0,0,0,False
40093,1867,19740,4,7,184,False,,25,40091,6,661,0,,,,,0,0,0,False
41150,,,,0,184,False,,25,41087,25,19220,0,1,,,,0,0,0,False
41098,,,,0,184,False,,25,41087,25,19221,0,1,,,,0,0,0,False
41110,,,,0,184,False,,25,41087,25,41108,0,1,,,,0,0,0,False
41111,,,,0,184,False,,25,41087,25,41109,0,1,,,,0,0,0,False
41099,,,,0,184,False,,25,41089,25,40972,0,1,,,,0,0,0,False
41100,,,,0,184,False,,25,41092,25,40972,0,1,,,,0,0,0,False
41102,,,,0,184,False,,25,41093,25,40972,0,1,,,,0,0,0,False
41939,,,,1,184,False,,25,41938,25,40280,0,1,,,,0,0,0,False
41940,,,,2,184,False,,25,41938,25,40281,0,1,,,,0,0,0,False
41941,,,,3,184,False,,25,41938,25,40282,0,1,,,,0,0,0,False
41942,,,,4,184,False,,25,41938,25,46834,0,1,,,,0,0,0,False
41945,,,,1,184,False,,25,41940,25,41943,0,1,,,,0,0,0,False
41946,,,,2,184,False,,25,41940,25,41944,0,1,,,,0,0,0,False
45509,1867,45508,,2,184,False,N41.0,25,45508,25,19220,0,1,,,,0,0,0,False
45511,,,,0,184,False,,25,45508,25,19220,0,1,,,,0,0,0,False
45510,1867,45508,,1,184,False,N41.1,25,45508,25,19221,0,1,,,,0,0,0,False
45512,,,,0,184,False,,25,45508,25,19221,0,1,,,,0,0,0,False
3088,1867,46008,5,0,184,True,B43.1,25,46008,167,2818,0,,,,,0,0,0,False
5528,1867,19740,4,8,184,True,I50.9,25,47910,6,47,0,"0,66",,,"0,5",0,0,0,False
